,name,regionID
0,Entre Ríos,0
1,Paysandú,1
2,Sind,2
3,Gujarat,3
4,Kalimantan Timur,4
5,Sabah,5
6,Arica y Parinacota,6
7,La Paz,7
8,Oruro,8
9,Tarapacá,9
10,Potosí,10
11,Antofagasta,11
12,Tacna,12
13,Salta,13
14,Jujuy,14
15,Dhekelia,15
16,Jammu and Kashmir,16
17,Xinjiang,17
18,Xizang,18
19,HaDarom,19
20,Gaza Strip,20
21,HaZafon,21
22,West Bank,22
23,Haifa,23
24,HaMerkaz,24
25,Jerusalem,25
26,An Nabatiyah,26
27,South Lebanon,27
28,"Southern Nations, Nationalities and Peoples",28
29,Eastern Equatoria,29
30,Somali,30
31,Nugaal,31
32,Mudug,32
33,Galguduud,33
34,Hiiraan,34
35,Bakool,35
36,Gedo,36
37,Rift Valley,37
38,Northern Areas,38
39,Azad Kashmir,39
40,Punjab,40
41,Chitipa,41
42,Mbeya,42
43,Njombe,43
44,Ruvuma,44
45,Rumphi,45
46,Nkhata Bay,46
47,Arunachal Pradesh,47
48,UNDOF,48
49,Somaliland,49
50,Bari,50
51,Guyane française,51
52,Sipaliwini,52
53,Mahaica-Berbice,53
54,Gangwon,54
55,Kangwŏn-do,55
56,Gyeonggi,56
57,Hwanghae-bukto,57
58,Guelmim - Es-Semara,58
59,Western Sahara,59
60,Laâyoune - Boujdour - Sakia El Hamra,60
61,Oued el Dahab,61
62,Alajuela,62
63,Rio San Juan,63
64,Limón,64
65,Heredia,65
66,Likouala,66
67,Équateur,67
68,Cuvette,68
69,Plateaux,69
70,Bandundu,70
71,Pool,71
72,Brazzaville,72
73,Kinshasa City,73
74,Bas-Congo,74
75,Bouenza,75
76,Niari,76
77,Tashi Yangtse,77
78,Lhuntshi,78
79,Bumthang,79
80,Chernihiv,80
81,Gomel,81
82,Volyn,82
83,Brest,83
84,Rivne,84
85,Zhytomyr,85
86,Kiev,86
87,Karas,87
88,Northern Cape,88
89,Beqaa,89
90,North Lebanon,90
91,Homs (Hims),91
92,Tartus,92
93,Rif Dimashq,93
94,St. Martin,94
95,Sint Maarten,95
96,Fujayrah,96
97,Musandam,97
98,Sharjah,98
99,Ras Al Khaymah,99
100,Likoma,100
101,Ferghana,101
102,East Kazakhstan,102
103,Almaty,103
104,Leninabad,104
105,Vitebsk,105
106,Utenos,106
107,Vilniaus,107
108,Grodno,108
109,Alytaus,109
110,Rio Grande do Sul,110
111,Artigas,111
112,Salto,112
113,Rivera,113
114,Cerro Largo,114
115,Rocha,115
116,Treinta y Tres,116
117,Dornod,117
118,Inner Mongol,118
119,Bayan-Ölgiy,119
120,Hovd,120
121,Sühbaatar,121
122,Dornogovi,122
123,Govi-Altay,123
124,Gansu,124
125,Bayanhongor,125
126,Ömnögovi,126
127,Gorno-Altay,127
128,Ústecký,128
129,Sachsen,129
130,Liberecký,130
131,Karlovarský,131
132,Bayern,132
133,Plzeňský,133
134,Jihočeský,134
135,Viljandi,135
136,Rujienas,136
137,Mazsalacas,137
138,Pärnu,138
139,Alojas,139
140,Valga,140
141,Nauksenu,141
142,Salacgrivas,142
143,Võru,143
144,Apes,144
145,Valkas,145
146,Aluksne,146
147,Pskov,147
148,Vilakas,148
149,Baltinavas,149
150,Karsavas,150
151,Ciblas,151
152,Ludzas,152
153,Zilupes,153
154,Panevezio,154
155,Neretas,155
156,Viesites,156
157,Vecumnieku,157
158,Telšiai,158
159,Saldus,159
160,Klaipedos,160
161,Rucavas,161
162,Priekules,162
163,Vainodes,163
164,Šiauliai,164
165,Auces,165
166,Bauska,166
167,Tervetes,167
168,Jelgava,168
169,Rundales,169
170,Aknistes,170
171,Ilukstes,171
172,Daugavpils,172
173,Troms,173
174,Norrbotten,174
175,Nordland,175
176,Västerbotten,176
177,Jämtland,177
178,Nord-Trøndelag,178
179,Sør-Trøndelag,179
180,Hedmark,180
181,Dalarna,181
182,Värmland,182
183,Akershus,183
184,Østfold,184
185,Västra Götaland,185
186,Lapland,186
187,Finnmark,187
188,Kon Tum,188
189,Rôtânôkiri,189
190,Đắk Nông,190
191,Môndól Kiri,191
192,Đắk Lắk,192
193,Gia Lai,193
194,Bình Phước,194
195,Krâchéh,195
196,Tây Ninh,196
197,Kâmpóng Cham,197
198,Svay Rieng,198
199,Prey Vêng,199
200,Long An,200
201,Ðong Tháp,201
202,An Giang,202
203,Kândal,203
204,Takêv,204
205,Kiên Giang,205
206,Kâmpôt,206
207,Rheinland-Pfalz,207
208,Diekirch,208
209,Grevenmacher,209
210,Saarland,210
211,Nord,211
212,West Flanders,212
213,Hainaut,213
214,Ardennes,214
215,Namur,215
216,Aisne,216
217,Luxembourg,217
218,Meuse,218
219,Meurthe-et-Moselle,219
220,Liege,220
221,Luxembourg,221
222,Krasnodar,222
223,Abkhazia,223
224,Karachay-Cherkess,224
225,Kabardin-Balkar,225
226,Samegrelo-Zemo Svaneti,226
227,North Ossetia,227
228,Shida Kartli,228
229,Racha-Lechkhumi-Kvemo Svaneti,229
230,Ingush,230
231,Mtskheta-Mtianeti,231
232,Chechnya,232
233,Kakheti,233
234,Dagestan,234
235,Struga,235
236,Dibër,236
237,Centar župa,237
238,Debar,238
239,Mavrovo and Rostusa,239
240,Gostivar,240
241,Kukës,241
242,Korçë,242
243,Elbasan,243
244,Vevčani,244
245,Ohrid,245
246,Debarca,246
247,Resen,247
248,Qazax,248
249,Dečani,249
250,Đakovica,250
251,Dragaš,251
252,Prizren,252
253,Ardahan,253
254,Samtskhe-Javakheti,254
255,Artvin,255
256,Ajaria,256
257,Moselle,257
258,Ceuta,258
259,Tanger - Tétouan,259
260,Phôngsali,260
261,Yunnan,261
262,Oudômxai,262
263,Louang Namtha,263
264,Ysyk-Köl,264
265,Naryn,265
266,Osh,266
267,Tavush,267
268,Kvemo Kartli,268
269,Lori,269
270,Shirak,270
271,Zhambyl,271
272,Chuy,272
273,Talas,273
274,South Kazakhstan,274
275,Pomeroon-Supenaam,275
276,Roraima,276
277,Potaro-Siparuni,277
278,Upper Demerara-Berbice,278
279,Pará,279
280,Schleswig-Holstein,280
281,Syddanmark,281
282,Madre de Dios,282
283,Acre,283
284,Ghadamis,284
285,Tataouine,285
286,Médenine,286
287,An Nuqat al Khams,287
288,Ağstafa,288
289,Tovuz,289
290,Gədəbəy,290
291,Gegharkunik,291
292,Daşkəsən,292
293,Kəlbəcər,293
294,Vayots Dzor,294
295,Syunik,295
296,Lankaran,296
297,Qubadli,297
298,Zəngilan,298
299,Şərur,299
300,Ararat,300
301,Sədərək,301
302,Kangarli,302
303,Babək,303
304,Şahbuz,304
305,Culfa,305
306,Ordubad,306
307,Satu Mare,307
308,Szabolcs-Szatmár-Bereg,308
309,Arad,309
310,Békés,310
311,Bihor,311
312,Hajdú-Bihar,312
313,Csongrád,313
314,Timis,314
315,Jalal-Abad,315
316,Tashkent,316
317,Namangan,317
318,Andijon,318
319,Batken,319
320,Žilinský,320
321,Silesian,321
322,Lesser Poland,322
323,Prešov,323
324,Subcarpathian,324
325,Donegal,325
326,Derry,326
327,Strabane,327
328,Fermanagh,328
329,Leitrim,329
330,Cavan,330
331,Monaghan,331
332,Dungannon,332
333,Armagh,333
334,Newry and Mourne,334
335,Louth,335
336,Lower Silesian,336
337,Královéhradecký,337
338,Opole,338
339,Olomoucký,339
340,Pardubický,340
341,Moravskoslezský,341
342,Tadzhikistan Territories,342
343,Gorno-Badakhshan,343
344,Dytiki Makedonia,344
345,Ipeiros,345
346,Gjirokastër,346
347,Vlorë,347
348,Chitipa,348
349,Muchinga,349
350,Mzimba,350
351,Eastern,351
352,Kasungu,352
353,Mchinji,353
354,Transcarpathia,354
355,Košický,355
356,Northern,356
357,Faranah,357
358,Kindia,358
359,Mamou,359
360,Dabola,360
361,Forécariah,361
362,Guéckédou,362
363,Eastern,363
364,Grand Cape Mount,364
365,Southern,365
366,Gbapolu,366
367,Lofa,367
368,Vakaga,368
369,Central Darfur,369
370,Southern Darfur,370
371,Haute-Kotto,371
372,Western Bahr el Ghazal,372
373,Haut-Mbomou,373
374,Western Equatoria,374
375,Orientale,375
376,Central Equatoria,376
377,Ali Sabieh,377
378,Arta,378
379,Dikhil,379
380,Afar,380
381,Tadjourah,381
382,Sud-Kivu,382
383,Kigoma,383
384,Katanga,384
385,Katavi,385
386,Rukwa,386
387,Obock,387
388,Debubawi Keyih Bahri,388
389,Niederösterreich,389
390,Jihomoravský,390
391,Oberösterreich,391
392,Dihok,392
393,Sirnak,393
394,Hakkari,394
395,Arbil,395
396,Gyor-Moson-Sopron,396
397,Burgenland,397
398,Sopron,398
399,Vas,399
400,Aoste,400
401,Valais,401
402,Verbano-Cusio-Ossola,402
403,Ticino,403
404,Varese,404
405,Como,405
406,Graubünden,406
407,Sondrio,407
408,Bozen,408
409,Vorarlberg,409
410,Tirol,410
411,West Azarbaijan,411
412,Iğdir,412
413,Agri,413
414,Van,414
415,Marijampoles,415
416,Podlachian,416
417,Warmian-Masurian,417
418,Northern,418
419,Groningen,419
420,Niedersachsen,420
421,Drenthe,421
422,Overijssel,422
423,Nordrhein-Westfalen,423
424,Gelderland,424
425,Limburg,425
426,Triesen,426
427,Schaan,427
428,Triesenberg,428
429,Balzers,429
430,Planken,430
431,Eschen,431
432,Mauren,432
433,Schellenberg,433
434,Ruggell,434
435,Denguélé,435
436,Kankan,436
437,Mandiana,437
438,Beyla,438
439,Bafing,439
440,Dix-Huit Montagnes,440
441,Lola,441
442,Imperia,442
443,Alpes-Maritimes,443
444,Cuneo,444
445,Alpes-de-Haute-Provence,445
446,Hautes-Alpes,446
447,Turin,447
448,Savoie,448
449,Haute-Savoie,449
450,Murmansk,450
451,Karelia,451
452,Northern Ostrobothnia,452
453,Kainuu,453
454,North Karelia,454
455,South Karelia,455
456,Leningrad,456
457,Kymenlaakso,457
458,Al Batnah North,458
459,Dubay,459
460,Neutral Zone,460
461,Al Buraymi,461
462,Neutral Zone,462
463,Abu Dhabi,463
464,Al Dhahira,464
465,Balakən,465
466,Zaqatala,466
467,Xaçmaz,467
468,Qusar,468
469,Oğuz,469
470,Şəki,470
471,Qax,471
472,Qəbələ,472
473,Amapá,473
474,Samux,474
475,Severno-Backi,475
476,Bács-Kiskun,476
477,Zapadno-Backi,477
478,Severno-Banatski,478
479,Szeged,479
480,Kayes,480
481,Kédougou,481
482,Tambacounda,482
483,Koundara,483
484,Kolda,484
485,Mali,485
486,Kebbi,486
487,Alibori,487
488,Niger,488
489,Borgou,489
490,Kwara,490
491,Ogun,491
492,Plateau,492
493,Collines,493
494,Oyo,494
495,Lagos,495
496,Ouémé,496
497,Cabinda,497
498,Kouilou,498
499,Zala,499
500,Medimurska,500
501,Somogy,501
502,Viroviticko-Podravska,502
503,Koprivničko-Križevačka,503
504,Baranya,504
505,Osjecko-Baranjska,505
506,Lendava,506
507,Črenšovci,507
508,Ljutomer,508
509,Razkrižje,509
510,Ormož,510
511,Varaždinska,511
512,Zavrc,512
513,Gorišnica,513
514,Videm,514
515,Podlehnik,515
516,Žetale,516
517,Krapinsko-Zagorska,517
518,Rogatec,518
519,Rogaška Slatina,519
520,Bistrica ob Sotli,520
521,Podcetrtek,521
522,Brežice,522
523,Zagrebacka,523
524,Krško,524
525,Šentjernej,525
526,Novo Mesto,526
527,Metlika,527
528,Karlovacka,528
529,Kostel,529
530,Primorsko-Goranska,530
531,Loški Potok,531
532,Loška dolina,532
533,Ilirska Bistrica,533
534,Crnomelj,534
535,Kocevje,535
536,Istarska,536
537,Hrpelje-Kozina,537
538,Koper,538
539,Piran,539
540,Moravske Toplice,540
541,Šalovci,541
542,Hodoš,542
543,Gornji Petrovci,543
544,Kuzma,544
545,Dobrovnik,545
546,Kobilje,546
547,Ar Rayyān,547
548,Ash Sharqiyah,548
549,North-West,549
550,Matabeleland North,550
551,Central,551
552,Matabeleland South,552
553,North-East,553
554,Burgas,554
555,Kirklareli,555
556,Yambol,556
557,Edirne,557
558,Haskovo,558
559,Otdar Mean Chey,559
560,Surin,560
561,Preah Vihéar,561
562,Si Sa Ket,562
563,Ubon Ratchathani,563
564,Siemréab,564
565,Bântéay Méanchey,565
566,Sa Kaeo,566
567,Buri Ram,567
568,Kaôh Kong,568
569,Trat,569
570,Pouthisat,570
571,Batdâmbâng,571
572,Krong Pailin,572
573,Chanthaburi,573
574,Melilla,574
575,Oriental,575
576,Tashigang,576
577,Assam,577
578,Samdrup Jongkhar,578
579,Sikkim,579
580,Ha,580
581,Samchi,581
582,West Bengal,582
583,Geylegphug,583
584,Chhukha,584
585,Shemgang,585
586,Perlis,586
587,Satun,587
588,Songkhla,588
589,Kedah,589
590,Yala,590
591,Kelantan,591
592,Narathiwat,592
593,Perak,593
594,Serravalle,594
595,Rimini,595
596,Domagnano,596
597,Faetano,597
598,Pesaro e Urbino,598
599,Montegiardino,599
600,Fiorentino,600
601,Chiesanuova,601
602,San Marino,602
603,Acquaviva,603
604,Borgo Maggiore,604
605,Nord-Est,605
606,Monte Cristi,606
607,Dajabón,607
608,Centre,608
609,La Estrelleta,609
610,Independencia,610
611,Ouest,611
612,Sud-Est,612
613,Pedernales,613
614,Lac,614
615,Borno,615
616,Al Jahrah,616
617,Al-Basrah,617
618,Al-Muthannia,618
619,Ahuachapán,619
620,Jutiapa,620
621,Santa Ana,621
622,Chiquimula,622
623,Nusa Tenggara Timur,623
624,Ambeno,624
625,Bobonaro,625
626,Cova Lima,626
627,Sarawak,627
628,Temburong,628
629,Kalimantan Barat,629
630,Salzburg,630
631,Belluno,631
632,Kärnten,632
633,Udine,633
634,Monaco,634
635,Timbuktu,635
636,Adrar,636
637,Kranjska Gora,637
638,Bovec,638
639,Kobarid,639
640,Tolmin,640
641,Kanal,641
642,Brda,642
643,Gorizia,643
644,Nova Goriška,644
645,Šempeter-Vrtojba,645
646,Miren-Kostanjevica,646
647,Komen,647
648,Trieste,648
649,Sežana,649
650,Maputo,650
651,Lubombo,651
652,Muyinga,652
653,Eastern,653
654,Kirundo,654
655,Southern,655
656,Ngozi,656
657,Cibitoke,657
658,Western,658
659,Kayanza,659
660,Rakhine,660
661,Chittagong,661
662,Chin,662
663,Pyrénées-Atlantiques,663
664,Navarra,664
665,Gipuzkoa,665
666,Huesca,666
667,Haute-Garonne,667
668,Lérida,668
669,Hautes-Pyrénées,669
670,Ariège,670
671,Ordino,671
672,Canillo,672
673,Pyrénées-Orientales,673
674,Encamp,674
675,La Massana,675
676,Gerona,676
677,Sant Julià de Lòria,677
678,Escaldes-Engordany,678
679,Badakhshan,679
680,Kentriki Makedonia,680
681,Novo Selo,681
682,Dojran,682
683,Valandovo,683
684,Strumitsa,684
685,Bogdanci,685
686,Gevgelija,686
687,Kavadartsi,687
688,Novaci,688
689,Prilep,689
690,Bitola,690
691,Gnjilane,691
692,Lipkovo,692
693,Vitina,693
694,Čučer Sandevo,694
695,Kačanik,695
696,Gjorče Petrov,696
697,Saraj,697
698,Jegunovce,698
699,Štrpce,699
700,Tearce,700
701,Tetovo,701
702,Bogovinje,702
703,Vrapcište,703
704,Pcinjski,704
705,Kriva Palanka,705
706,Rankovce,706
707,Staro Nagoričane,707
708,Kumanovo,708
709,Vidin,709
710,Borski,710
711,Zajecarski,711
712,Pirotski,712
713,Pernik,713
714,Sofia,714
715,Montana,715
716,Jablanicki,716
717,Kyustendil,717
718,Delčevo,718
719,Makedonska Kamenica,719
720,Blagoevgrad,720
721,Berovo,721
722,Pehčevo,722
723,Dubrovacko-Neretvanska,723
724,Herceg Novi,724
725,Herzegovina-Neretva,725
726,Trebinje,726
727,Ntungamo,727
728,Isingiro,728
729,Northern,729
730,Kabale,730
731,Kisoro,731
732,Guantanamo Bay USNB,732
733,Guantánamo,733
734,Uttaranchal,734
735,Leposavić,735
736,Raški,736
737,Pomoravski,737
738,Toplicki,738
739,Podujevo,739
740,Zubin Potok,740
741,Zvečan,741
742,Istok,742
743,Priština,743
744,Kosovska Kamenica,744
745,Rožaje,745
746,Peć,746
747,Berane,747
748,Plav,748
749,Pljevlja,749
750,Zlatiborski,750
751,Bijelo Polje,751
752,Ocotepeque,752
753,Chalatenango,753
754,Lempira,754
755,Cabañas,755
756,Intibucá,756
757,Morazán,757
758,La Paz,758
759,San Miguel,759
760,La Unión,760
761,Valle,761
762,Atlántico Norte,762
763,Olancho,763
764,Gracias a Dios,764
765,Jinotega,765
766,El Paraíso,766
767,Nueva Segovia,767
768,Chinandega,768
769,Choluteca,769
770,Madriz,770
771,Esmeraldas,771
772,Nariño,772
773,Carchi,773
774,Sucumbios,774
775,Putumayo,775
776,Nickerie,776
777,Marowijne,777
778,Tarija,778
779,Boquerón,779
780,Formosa,780
781,Presidente Hayes,781
782,Central,782
783,Asunción,783
784,Alto Paraná,784
785,Misiones,785
786,Itapúa,786
787,Ñeembucú,787
788,Chaco,788
789,Corrientes,789
790,Misiones,790
791,Santa Cruz,791
792,Mato Grosso do Sul,792
793,Alto Paraguay,793
794,Concepción,794
795,Amambay,795
796,Canindeyú,796
797,Paraná,797
798,Santa Catarina,798
799,Zeeland,799
800,East Flanders,800
801,Noord-Brabant,801
802,Antwerp,802
803,Limburg,803
804,Baden-Württemberg,804
805,Schaffhausen,805
806,Thurgau,806
807,Zürich,807
808,Aargau,808
809,Basel-Stadt,809
810,Basel-Landschaft,810
811,Bas-Rhin,811
812,Haute-Rhin,812
813,Sankt Gallen,813
814,Vaduz,814
815,Gamprin,815
816,Solothurn,816
817,Jura,817
818,Territoire de Belfort,818
819,Doubs,819
820,Genève,820
821,Ain,821
822,Vaud,822
823,Jura,823
824,Neuchâtel,824
825,Orense,825
826,Viana do Castelo,826
827,Pontevedra,827
828,Braga,828
829,Bragança,829
830,Vila Real,830
831,Zamora,831
832,Salamanca,832
833,Cáceres,833
834,Guarda,834
835,Castelo Branco,835
836,Badajoz,836
837,Portalegre,837
838,Évora,838
839,Rogašovci,839
840,Steiermark,840
841,Cankova,841
842,Gornja Radgona,842
843,Apace,843
844,Šentilj,844
845,Kungota,845
846,Maribor,846
847,Selnica ob Dravi,847
848,Radlje ob Dravi,848
849,Muta,849
850,Dravograd,850
851,Podvelka,851
852,Ravne na Koroškem,852
853,Prevalje,853
854,Mežica,854
855,Črna na Koroškem,855
856,Tržič,856
857,Žirovnica,857
858,Jesenice,858
859,Solcava,859
860,Jezersko,860
861,Foča,861
862,Žabljak,862
863,Plužine,863
864,Nikšic,864
865,Kotor,865
866,Sisacko-Moslavacka,866
867,Banja Luka,867
868,Brodsko-Posavska,868
869,Una-Sana,869
870,Zadarska,870
871,Doboj,871
872,Posavina,872
873,Vukovarsko-Srijemska,873
874,Brčko Distrikt,874
875,Bijeljina,875
876,West Bosnia,876
877,Splitsko-Dalmatinska,877
878,West Herzegovina,878
879,Sremski,879
880,Macvanski,880
881,Vlasenica,881
882,Južno-Backi,882
883,Bratislavský,883
884,Trnavský,884
885,Trenciansky,885
886,Zlínský,886
887,Borsod-Abaúj-Zemplén,887
888,Banskobystrický,888
889,Nógrád,889
890,Salgótarján,890
891,Nitriansky,891
892,Komárom-Esztergom,892
893,Pest,893
894,Lubusz,894
895,Brandenburg,895
896,West Pomeranian,896
897,Mecklenburg-Vorpommern,897
898,Mehedinti,898
899,Dolj,899
900,Silistra,900
901,Calarasi,901
902,Ruse,902
903,Teleorman,903
904,Giurgiu,904
905,Constanta,905
906,Dobrich,906
907,Vratsa,907
908,Olt,908
909,Pleven,909
910,Veliko Tarnovo,910
911,Srednje-Banatski,911
912,Južno-Banatski,912
913,Caras-Severin,913
914,Branicevski,914
915,Anatoliki Makedonia kai Thraki,915
916,Kardzhali,916
917,Smolyan,917
918,Shkodër,918
919,Andrijevica,919
920,Podgorica,920
921,Bar,921
922,Ulcinj,922
923,Botosani,923
924,Briceni,924
925,Edineţ,925
926,Rîşcani,926
927,Glodeni,927
928,Făleşti,928
929,Iasi,929
930,Ungheni,930
931,Nisporeni,931
932,Hîncesti,932
933,Vaslui,933
934,Leova,934
935,Cantemir,935
936,Cahul,936
937,Galati,937
938,Chernivtsi,938
939,Suceava,939
940,Maramures,940
941,Ivano-Frankivs'k,941
942,Odessa,942
943,Tulcea,943
944,Ocniţa,944
945,Vinnytsya,945
946,Donduseni,946
947,Soroca,947
948,Camenca,948
949,Rezina,949
950,Stîngă Nistrului,950
951,Grigoriopol,951
952,Bender,952
953,Ștefan Vodă,953
954,Causeni,954
955,Cimişlia,955
956,Basarabeasca,956
957,Taraclia,957
958,Comrat,958
959,Lublin,959
960,L'viv,960
961,Dagdas,961
962,Kraslavas,962
963,Kaliningrad,963
964,Taurages,964
965,Smolensk,965
966,Mogilev,966
967,Bryansk,967
968,Sumy,968
969,Kursk,969
970,Belgorod,970
971,Kharkiv,971
972,Luhans'k,972
973,Voronezh,973
974,Rostov,974
975,Donets'k,975
976,East Azarbaijan,976
977,Kars,977
978,Aragatsotn,978
979,Armavir,979
980,Ardebil,980
981,İmişli,981
982,Biləsuvar,982
983,Cəlilabad,983
984,Yardımlı,984
985,Lerik,985
986,Cəbrayıl,986
987,Füzuli,987
988,Beyləqan,988
989,Astara,989
990,Gilan,990
991,Buryat,991
992,Hövsgöl,992
993,Tuva,993
994,Bulgan,994
995,Uvs,995
996,Selenge,996
997,Chita,997
998,Dzavhan,998
999,Hentiy,999
1000,Heilongjiang,1000
1001,Amur,1001
1002,Yevrey,1002
1003,Khabarovsk,1003
1004,Primor'ye,1004
1005,Jilin,1005
1006,Hamgyŏng-bukto,1006
1007,Rasŏn,1007
1008,Ryanggang,1008
1009,Chagang-do,1009
1010,Liaoning,1010
1011,P'yŏngan-bukto,1011
1012,Sirdaryo,1012
1013,Jizzakh,1013
1014,Samarkand,1014
1015,Kashkadarya,1015
1016,Surkhandarya,1016
1017,Khatlon,1017
1018,Takhar,1018
1019,Kunduz,1019
1020,Balkh,1020
1021,Chardzhou,1021
1022,Jawzjan,1022
1023,Faryab,1023
1024,Mary,1024
1025,Badghis,1025
1026,Hirat,1026
1027,Ahal,1027
1028,Hasaka (Al Haksa),1028
1029,Mardin,1029
1030,Ar Raqqah,1030
1031,Sanliurfa,1031
1032,Aleppo,1032
1033,Kilis,1033
1034,Gaziantep,1034
1035,Hatay,1035
1036,Idlib,1036
1037,Lattakia,1037
1038,As-Sulaymaniyah,1038
1039,Kordestan,1039
1040,Kermanshah,1040
1041,Diyala,1041
1042,Ilam,1042
1043,Wasit,1043
1044,Maysan,1044
1045,Khuzestan,1045
1046,Irbid,1046
1047,Madaba,1047
1048,Karak,1048
1049,Tafilah,1049
1050,Aqaba,1050
1051,Balqa,1051
1052,Karnali,1052
1053,Mahakali,1053
1054,Seti,1054
1055,Dhawalagiri,1055
1056,Gandaki,1056
1057,Bagmati,1057
1058,Janakpur,1058
1059,Sagarmatha,1059
1060,Bhojpur,1060
1061,Mechi,1061
1062,Uttar Pradesh,1062
1063,Bheri,1063
1064,Rapti,1064
1065,Bihar,1065
1066,Lumbini,1066
1067,Narayani,1067
1068,Kachin,1068
1069,Sagaing,1069
1070,Nagaland,1070
1071,Manipur,1071
1072,Mizoram,1072
1073,Chiang Rai,1073
1074,Shan,1074
1075,Chiang Mai,1075
1076,Mae Hong Son,1076
1077,Kayah,1077
1078,Kayin,1078
1079,Tak,1079
1080,Kanchanaburi,1080
1081,Mon,1081
1082,Tanintharyi,1082
1083,Prachuap Khiri Khan,1083
1084,Phetchaburi,1084
1085,Ratchaburi,1085
1086,Chumphon,1086
1087,Ranong,1087
1088,Bokeo,1088
1089,Xaignabouri,1089
1090,Phayao,1090
1091,Nan,1091
1092,Uttaradit,1092
1093,Phitsanulok,1093
1094,Loei,1094
1095,Bueng Kan,1095
1096,Bolikhamxai,1096
1097,Nong Khai,1097
1098,Nakhon Phanom,1098
1099,Khammouan,1099
1100,Savannakhét,1100
1101,Mukdahan,1101
1102,Amnat Charoen,1102
1103,Saravan,1103
1104,Vientiane [prefecture],1104
1105,Vientiane,1105
1106,Champasak,1106
1107,Điện Biên,1107
1108,Louangphrabang,1108
1109,Houaphan,1109
1110,Son La,1110
1111,Thanh Hóa,1111
1112,Nghệ An,1112
1113,Xiangkhoang,1113
1114,Ha Tinh,1114
1115,Quảng Bình,1115
1116,Quảng Trị,1116
1117,Thừa Thiên - Huế,1117
1118,Xékong,1118
1119,Quàng Nam,1119
1120,Attapu,1120
1121,KwaZulu-Natal,1121
1122,Mokhotlong,1122
1123,Free State,1123
1124,Butha-Buthe,1124
1125,Leribe,1125
1126,Eastern Cape,1126
1127,Qacha's Nek,1127
1128,Thaba-Tseka,1128
1129,Berea,1129
1130,Maseru,1130
1131,Mafeteng,1131
1132,Mohale's Hoek,1132
1133,Quthing,1133
1134,Limpopo,1134
1135,Kgatleng,1135
1136,North West,1136
1137,South-East,1137
1138,Southern,1138
1139,Kgalagadi,1139
1140,Masvingo,1140
1141,Lusaka,1141
1142,Mashonaland West,1142
1143,Mashonaland Central,1143
1144,Southern,1144
1145,Kémo,1145
1146,Ouaka,1146
1147,Basse-Kotto,1147
1148,Mbomou,1148
1149,Ombella-M'Poko,1149
1150,Bangui,1150
1151,Lobaye,1151
1152,Kagera,1152
1153,Cankuzo,1153
1154,Ruyigi,1154
1155,Rutana,1155
1156,Makamba,1156
1157,Bubanza,1157
1158,Bujumbura Rural,1158
1159,Bujumbura Mairie,1159
1160,Bururi,1160
1161,Nord-Kivu,1161
1162,Amhara,1162
1163,Gedarif,1163
1164,Tigray,1164
1165,Benshangul-Gumaz,1165
1166,Blue Nile,1166
1167,Sennar,1167
1168,Gambela Peoples,1168
1169,Upper Nile,1169
1170,Oromiya,1170
1171,Jonglei,1171
1172,Sila,1172
1173,Salamat,1173
1174,Bamingui-Bangoran,1174
1175,Moyen-Chari,1175
1176,Ouham,1176
1177,Mandoul,1177
1178,Logone Oriental,1178
1179,Ouham-Pendé,1179
1180,Sud,1180
1181,Wouleu-Ntem,1181
1182,Sangha,1182
1183,Ogooué-Ivindo,1183
1184,Cuvette-Ouest,1184
1185,Haut-Ogooué,1185
1186,Ogooué-Lolo,1186
1187,Ngounié,1187
1188,Lékoumou,1188
1189,Nyanga,1189
1190,Hadjer-Lamis,1190
1191,Extrême-Nord,1191
1192,Chari-Baguirmi,1192
1193,Ville de N'Djamena,1193
1194,Mayo-Kebbi Est,1194
1195,Mayo-Kebbi Ouest,1195
1196,Nord,1196
1197,Adamawa,1197
1198,Adamaoua,1198
1199,Taraba,1199
1200,Nord-Ouest,1200
1201,Sud-Ouest,1201
1202,Benue,1202
1203,Cross River,1203
1204,Sokoto,1204
1205,Tahoua,1205
1206,Dosso,1206
1207,Diffa,1207
1208,Maradi,1208
1209,Zamfara,1209
1210,Yobe,1210
1211,Zinder,1211
1212,Katsina,1212
1213,Jigawa,1213
1214,Tillabéri,1214
1215,Tapoa,1215
1216,Atakora,1216
1217,Kompienga,1217
1218,Savanes,1218
1219,Upper East,1219
1220,Northern,1220
1221,Kara,1221
1222,Centre,1222
1223,Plateaux,1223
1224,Volta,1224
1225,Maritime,1225
1226,Zanzan,1226
1227,Brong Ahafo,1227
1228,Comoe,1228
1229,Western,1229
1230,Sud-Comoé,1230
1231,Léraba,1231
1232,Savanes,1232
1233,Komoé,1233
1234,Poni,1234
1235,Noumbiel,1235
1236,Oudalan,1236
1237,Gao,1237
1238,Soum,1238
1239,Mopti,1239
1240,Loroum,1240
1241,Yatenga,1241
1242,Sourou,1242
1243,Kossi,1243
1244,Ségou,1244
1245,Banwa,1245
1246,Sikasso,1246
1247,Houet,1247
1248,Kénédougou,1248
1249,Nimba,1249
1250,Cavally,1250
1251,Grand Gedeh,1251
1252,Bas-Sassandra,1252
1253,River Gee,1253
1254,Maryland,1254
1255,Macenta,1255
1256,Yomou,1256
1257,Bong,1257
1258,Nzérékoré,1258
1259,Gaoual,1259
1260,Gabú,1260
1261,Boke,1261
1262,Tombali,1262
1263,Siguiri,1263
1264,Koulikoro,1264
1265,Koubia,1265
1266,Tougué,1266
1267,Dinguiraye,1267
1268,Stœng Trêng,1268
1269,Hà Giang,1269
1270,Guangxi,1270
1271,Cao Bằng,1271
1272,Lào Cai,1272
1273,Lai Chau,1273
1274,Lạng Sơn,1274
1275,Quảng Ninh,1275
1276,Brunei and Muara,1276
1277,Tutong,1277
1278,Belait,1278
1279,Tripura,1279
1280,Sylhet,1280
1281,Meghalaya,1281
1282,Dhaka,1282
1283,Rangpur,1283
1284,Rajshahi,1284
1285,Khulna,1285
1286,Cabo Delgado,1286
1287,Mtwara,1287
1288,Niassa,1288
1289,Gibraltar,1289
1290,Cádiz,1290
1291,Minnesota,1291
1292,Ontario,1292
1293,Washington,1293
1294,British Columbia,1294
1295,Idaho,1295
1296,Montana,1296
1297,Alberta,1297
1298,Saskatchewan,1298
1299,North Dakota,1299
1300,Manitoba,1300
1301,Michigan,1301
1302,Maine,1302
1303,Québec,1303
1304,New Brunswick,1304
1305,Ohio,1305
1306,New Hampshire,1306
1307,New York,1307
1308,Vermont,1308
1309,Pennsylvania,1309
1310,Arizona,1310
1311,Sonora,1311
1312,Baja California,1312
1313,California,1313
1314,New Mexico,1314
1315,Chihuahua,1315
1316,Texas,1316
1317,Coahuila,1317
1318,Tamaulipas,1318
1319,Nuevo León,1319
1320,Cayo,1320
1321,Petén,1321
1322,Orange Walk,1322
1323,Corozal,1323
1324,Quintana Roo,1324
1325,Campeche,1325
1326,Tabasco,1326
1327,Chiapas,1327
1328,San Marcos,1328
1329,Huehuetenango,1329
1330,Quiché,1330
1331,Alta Verapaz,1331
1332,Guanacaste,1332
1333,Rivas,1333
1334,Izabal,1334
1335,Cortés,1335
1336,Santa Bárbara,1336
1337,Copán,1337
1338,Zacapa,1338
1339,Bocas del Toro,1339
1340,Puntarenas,1340
1341,Chiriquí,1341
1342,Kuna Yala,1342
1343,Chocó,1343
1344,Emberá,1344
1345,Darién,1345
1346,Barima-Waini,1346
1347,Delta Amacuro,1347
1348,Bolívar,1348
1349,Amazonas,1349
1350,Guainía,1350
1351,Vaupés,1351
1352,Amazonas,1352
1353,Loreto,1353
1354,Orellana,1354
1355,Pastaza,1355
1356,Morona Santiago,1356
1357,Amazonas,1357
1358,Zamora Chinchipe,1358
1359,Cajamarca,1359
1360,Loja,1360
1361,Tumbes,1361
1362,El Oro,1362
1363,Piura,1363
1364,Amazonas,1364
1365,Chuquisaca,1365
1366,Ucayali,1366
1367,Pando,1367
1368,Rondônia,1368
1369,El Beni,1369
1370,Mato Grosso,1370
1371,Puno,1371
1372,Catamarca,1372
1373,Atacama,1373
1374,La Rioja,1374
1375,San Juan,1375
1376,Coquimbo,1376
1377,Mendoza,1377
1378,Región Metropolitana de Santiago,1378
1379,Valparaíso,1379
1380,Maule,1380
1381,Libertador General Bernardo O'Higgins,1381
1382,Neuquén,1382
1383,Bío-Bío,1383
1384,La Araucanía,1384
1385,Los Ríos,1385
1386,Chubut,1386
1387,Los Lagos,1387
1388,Río Negro,1388
1389,Aisén del General Carlos Ibáñez del Campo,1389
1390,Santa Cruz,1390
1391,Magallanes y Antártica Chilena,1391
1392,Tierra del Fuego,1392
1393,Zulia,1393
1394,La Guajira,1394
1395,Cesar,1395
1396,Norte de Santander,1396
1397,Táchira,1397
1398,Apure,1398
1399,Arauca,1399
1400,Boyacá,1400
1401,Vichada,1401
1402,Pomeranian,1402
1403,Papua,1403
1404,Sandaun,1404
1405,Western,1405
1406,Balkan,1406
1407,Mangghystau,1407
1408,Qyzylorda,1408
1409,Karakalpakstan,1409
1410,Aqtöbe,1410
1411,Navoi,1411
1412,Tashauz,1412
1413,Khorezm,1413
1414,Bukhoro,1414
1415,North Khorasan,1415
1416,Golestan,1416
1417,Razavi Khorasan,1417
1418,South Khorasan,1418
1419,Nimroz,1419
1420,Sistan and Baluchestan,1420
1421,Farah,1421
1422,K.P.,1422
1423,F.A.T.A.,1423
1424,Kunar,1424
1425,Nuristan,1425
1426,Nangarhar,1426
1427,Khost,1427
1428,Paktya,1428
1429,Baluchistan,1429
1430,Paktika,1430
1431,Zabul,1431
1432,Kandahar,1432
1433,Hilmand,1433
1434,North Kazakhstan,1434
1435,Tyumen',1435
1436,Kurgan,1436
1437,Omsk,1437
1438,Qostanay,1438
1439,Pavlodar,1439
1440,Novosibirsk,1440
1441,Chelyabinsk,1441
1442,Altay,1442
1443,Orenburg,1443
1444,West Kazakhstan,1444
1445,Saratov,1445
1446,Astrakhan',1446
1447,Volgograd,1447
1448,Atyrau,1448
1449,Mafraq,1449
1450,As Suwayda',1450
1451,Dar`a,1451
1452,Shamal Sina',1452
1453,Al Hudud ash Shamaliyah,1453
1454,Al-Anbar,1454
1455,An-Najaf,1455
1456,Al Jawf,1456
1457,Ma`an,1457
1458,Amman,1458
1459,Zarqa,1459
1460,Al Ahmadi,1460
1461,Ninawa,1461
1462,Dayr Az Zawr,1462
1463,Hadramawt,1463
1464,Dhofar,1464
1465,Al Mahrah,1465
1466,Al Wusta,1466
1467,Najran,1467
1468,Sa`dah,1468
1469,`Asir,1469
1470,Hajjah,1470
1471,Jizan,1471
1472,Al Jawf,1472
1473,Al Kufrah,1473
1474,Ennedi,1474
1475,Borkou,1475
1476,Murzuq,1476
1477,Tibesti,1477
1478,Agadez,1478
1479,Tamanghasset,1479
1480,Tiris Zemmour,1480
1481,Tindouf,1481
1482,Kanem,1482
1483,Northern,1483
1484,Aswan,1484
1485,Al Wadi at Jadid,1485
1486,Al Bahr al Ahmar,1486
1487,River Nile,1487
1488,Red Sea,1488
1489,Eastern,1489
1490,North-Eastern,1490
1491,Béchar,1491
1492,Meknès - Tafilalet,1492
1493,Souss - Massa - Draâ,1493
1494,Dakhlet Nouadhibou,1494
1495,Adrar,1495
1496,Jendouba,1496
1497,El Tarf,1497
1498,Kebili,1498
1499,El Oued,1499
1500,Tozeur,1500
1501,Tébessa,1501
1502,Gafsa,1502
1503,Kassérine,1503
1504,Le Kef,1504
1505,Souk Ahras,1505
1506,Ouargla,1506
1507,Kidal,1507
1508,North Darfur,1508
1509,Western Darfur,1509
1510,Ouaddaï,1510
1511,Wadi Fira,1511
1512,Al Butnan,1512
1513,Matruh,1513
1514,Ajdabiya,1514
1515,Bafatá,1515
1516,Oio,1516
1517,Sédhiou,1517
1518,Cacheu,1518
1519,Ziguinchor,1519
1520,Jubbada Hoose,1520
1521,Coast,1521
1522,Mara,1522
1523,Nyanza,1523
1524,Arusha,1524
1525,Kilimanjaro,1525
1526,Tanga,1526
1527,Rakai,1527
1528,Kalangala,1528
1529,Buvuma,1529
1530,Mayuge,1530
1531,Namayingo,1531
1532,Litoral,1532
1533,Kié-Ntem,1533
1534,Centro Sur,1534
1535,Wele-Nzás,1535
1536,Estuaire,1536
1537,Brakna,1537
1538,Saint-Louis,1538
1539,Trarza,1539
1540,Gorgol,1540
1541,Matam,1541
1542,Guidimaka,1542
1543,Hodh ech Chargui,1543
1544,Hodh el Gharbi,1544
1545,Assaba,1545
1546,Western,1546
1547,Cuando Cubango,1547
1548,Moxico,1548
1549,North-Western,1549
1550,Namibe,1550
1551,Kunene,1551
1552,Cunene,1552
1553,Omusati,1553
1554,Ohangwena,1554
1555,Kavango,1555
1556,Caprivi,1556
1557,Tete,1557
1558,Mashonaland East,1558
1559,Manica,1559
1560,Manicaland,1560
1561,Gaza,1561
1562,Zaire,1562
1563,Uíge,1563
1564,Kasaï-Occidental,1564
1565,Lunda Norte,1565
1566,Malanje,1566
1567,Lunda Sul,1567
1568,Hardap,1568
1569,Otjozondjupa,1569
1570,Omaheke,1570
1571,Ghanzi,1571
1572,Central River,1572
1573,Kaffrine,1573
1574,North Bank,1574
1575,Kaolack,1575
1576,Upper River,1576
1577,Lower River,1577
1578,Fatick,1578
1579,West Coast,1579
1580,Illizi,1580
1581,Ash Shati',1581
1582,Ghat,1582
1583,Séno,1583
1584,Yagha,1584
1585,Komondjari,1585
1586,Sangha-Mbaéré,1586
1587,Est,1587
1588,Nana-Mambéré,1588
1589,Mambéré-Kadéï,1589
1590,Kaabong,1590
1591,Kitgum,1591
1592,Lamwo,1592
1593,Amuru,1593
1594,Adjumani,1594
1595,Moyo,1595
1596,Yumbe,1596
1597,Koboko,1597
1598,Mpumalanga,1598
1599,Hhohho,1599
1600,Manzini,1600
1601,Shiselweni,1601
1602,Luapula,1602
1603,Copperbelt,1603
1604,Central,1604
1605,Koulpélogo,1605
1606,Boulgou,1606
1607,Donga,1607
1608,Zou,1608
1609,Kouffo,1609
1610,Mono,1610
1611,Nahouri,1611
1612,Sissili,1612
1613,Upper West,1613
1614,Ioba,1614
1615,Nkhotakota,1615
1616,Salima,1616
1617,Mangochi,1617
1618,Machinga,1618
1619,Dedza,1619
1620,Lilongwe,1620
1621,Nsanje,1621
1622,Chikwawa,1622
1623,Mwanza,1623
1624,Neno,1624
1625,Ntcheu,1625
1626,Zomba,1626
1627,Zambezia,1627
1628,Phalombe,1628
1629,Mulanje,1629
1630,Thyolo,1630
1631,Moroto,1631
1632,Western,1632
1633,Kapchorwa,1633
1634,Bukwa,1634
1635,Amudat,1635
1636,Busia,1636
1637,Tororo,1637
1638,Manafwa,1638
1639,Bududa,1639
1640,Maracha,1640
1641,Arua,1641
1642,Zombo,1642
1643,Nebbi,1643
1644,Buliisa,1644
1645,Hoima,1645
1646,Ntoroko,1646
1647,Bundibugyo,1647
1648,Kabarole,1648
1649,Kasese,1649
1650,Rubirizi,1650
1651,Rukungiri,1651
1652,Kanungu,1652
1653,Debub,1653
1654,Semenawi Keyih Bahri,1654
1655,Gash Barka,1655
1656,Kassala,1656
1657,Maekel,1657
1658,Ida-Viru,1658
1659,Põlva,1659
1660,Tartu,1660
1661,Jõgeva,1661
1662,Punjab,1662
1663,Rajasthan,1663
1664,Alaska,1664
1665,Yukon,1665
1666,White Nile,1666
1667,South Kordufan,1667
1668,Unity,1668
1669,North,1669
1670,Guangdong,1670
1671,Vatican,1671
1672,Northern Bahr el Ghazal,1672
1673,Eastern Darfur,1673
1674,Naâma,1674
1675,Tlemcen,1675
1676,Himachal Pradesh,1676
1677,Northern Cyprus,1677
1678,Famagusta,1678
1679,Nicosia,1679
1680,Larnaca,1680
1681,Kashmir,1681
1682,Baykonur lease in Qyzylorda,1682
1683,Quneitra,1683
1684,Akrotiri,1684
1685,Limassol,1685
1686,Toledo,1686
1687,Beja,1687
1688,Huelva,1688
1689,Faro,1689
1690,Thimphu,1690
1691,Paro,1691
1692,Gasa,1692
1693,Crimea,1693
1694,Kherson,1694
1695,Flintshire,1695
1696,Cheshire West and Chester,1696
1697,Wrexham,1697
1698,Shropshire,1698
1699,Powys,1699
1700,Herefordshire,1700
1701,Monmouthshire,1701
1702,Gloucestershire,1702
1703,Scottish Borders,1703
1704,Northumberland,1704
1705,Cumbria,1705
1706,Dumfries and Galloway,1706
1707,Brussels,1707
1708,Flemish Brabant,1708
1709,Walloon Brabant,1709
1710,Central Bosnia,1710
1711,Zenica-Doboj,1711
1712,Tuzla,1712
1713,Sarajevo-romanija,1713
1714,Sarajevo,1714
1715,Bosnian Podrinje,1715
1716,Grad Beograd,1716
1717,Podunavski,1717
1718,Guria,1718
1719,Sala ad-Din,1719
1720,At-Ta'mim,1720
1721,Antarctica,1721
1722,Auckland Islands,1722
1723,Buenos Aires,1723
1724,Maranhão,1724
1725,Piauí,1725
1726,Ceará,1726
1727,Rio Grande do Norte,1727
1728,Paraíba,1728
1729,Pernambuco,1729
1730,Alagoas,1730
1731,Sergipe,1731
1732,Bahia,1732
1733,Espírito Santo,1733
1734,Rio de Janeiro,1734
1735,São Paulo,1735
1736,Maldonado,1736
1737,Canelones,1737
1738,Montevideo,1738
1739,San José,1739
1740,Colonia,1740
1741,Soriano,1741
1742,Río Negro,1742
1743,Ciudad de Buenos Aires,1743
1744,Nord,1744
1745,Western Australia,1745
1746,Northern Territory,1746
1747,Boeny,1747
1748,Sofia,1748
1749,Diana,1749
1750,Sava,1750
1751,Analanjirofo,1751
1752,Atsinanana,1752
1753,Vatovavy-Fitovinany,1753
1754,Atsimo-Atsinanana,1754
1755,Anosy,1755
1756,Androy,1756
1757,Atsimo-Andrefana,1757
1758,Menabe,1758
1759,Melaky,1759
1760,South Australia,1760
1761,Queensland,1761
1762,New South Wales,1762
1763,Jervis Bay Territory,1763
1764,Victoria,1764
1765,Cuanza Sul,1765
1766,Benguela,1766
1767,Erongo,1767
1768,Western Cape,1768
1769,Maputo,1769
1770,Inhambane,1770
1771,Sofala,1771
1772,Nampula,1772
1773,Lindi,1773
1774,Pwani,1774
1775,Dar-Es-Salaam,1775
1776,Jawa Timur,1776
1777,Maluku,1777
1778,Nusa Tenggara Barat,1778
1779,Sulawesi Selatan,1779
1780,Jawa Tengah,1780
1781,Jawa Barat,1781
1782,Jakarta Raya,1782
1783,Banten,1783
1784,Yogyakarta,1784
1785,Sulawesi Tenggara,1785
1786,Papua Barat,1786
1787,Guayas,1787
1788,Sulawesi Tengah,1788
1789,Maluku Utara,1789
1790,Galápagos,1790
1791,East Sepik,1791
1792,Madang,1792
1793,Morobe,1793
1794,Northern,1794
1795,Milne Bay,1795
1796,Central,1796
1797,National Capital District,1797
1798,Gulf,1798
1799,Kepulauan Riau,1799
1800,Riau,1800
1801,Gorontalo,1801
1802,Sulawesi Utara,1802
1803,Sulawesi Barat,1803
1804,Cauca,1804
1805,Moquegua,1805
1806,Arequipa,1806
1807,Ica,1807
1808,Lima,1808
1809,Lima Province,1809
1810,Callao,1810
1811,Áncash,1811
1812,La Libertad,1812
1813,Lambayeque,1813
1814,Santa Elena,1814
1815,Manabi,1815
1816,Valle del Cauca,1816
1817,Panama,1817
1818,Coclé,1818
1819,Sulu,1819
1820,Jambi,1820
1821,Sumatera Selatan,1821
1822,Lampung,1822
1823,Bengkulu,1823
1824,Sumatera Barat,1824
1825,Sumatera Utara,1825
1826,Aceh,1826
1827,Demerara-Mahaica,1827
1828,Kalimantan Tengah,1828
1829,Kalimantan Selatan,1829
1830,Davao del Norte,1830
1831,Veraguas,1831
1832,Zamboanga Sibugay,1832
1833,Palawan,1833
1834,Sóc Trăng,1834
1835,Surigao del Norte,1835
1836,Surigao del Sur,1836
1837,Agusan del Norte,1837
1838,Butuan,1838
1839,Misamis Oriental,1839
1840,Cagayan de Oro,1840
1841,Iligan,1841
1842,Lanao del Norte,1842
1843,Zamboanga del Sur,1843
1844,Misamis Occidental,1844
1845,Zamboanga del Norte,1845
1846,Zamboanga,1846
1847,Lanao del Sur,1847
1848,Maguindanao,1848
1849,Cotabato,1849
1850,Sultan Kudarat,1850
1851,Sarangani,1851
1852,General Santos,1852
1853,Davao del Sur,1853
1854,Davao,1854
1855,Compostela Valley,1855
1856,Davao Oriental,1856
1857,Trikuṇāmalaya,1857
1858,Mulativ,1858
1859,Yāpanaya,1859
1860,Kilinŏchchi,1860
1861,Mannārama,1861
1862,Puttalama,1862
1863,Gampaha,1863
1864,Kŏḷamba,1864
1865,Kaḷutara,1865
1866,Gālla,1866
1867,Mātara,1867
1868,Hambantŏṭa,1868
1869,Ampāra,1869
1870,Maḍakalapuva,1870
1871,Southern Leyte,1871
1872,Tiền Giang,1872
1873,Bà Rịa - Vũng Tàu,1873
1874,Krong Preah Sihanouk,1874
1875,Hồ Chí Minh city,1875
1876,Leyte,1876
1877,Eastern Samar,1877
1878,Biliran,1878
1879,Samar,1879
1880,Khánh Hòa,1880
1881,Curaçao,1881
1882,Colón,1882
1883,Antioquia,1883
1884,Córdoba,1884
1885,Sucre,1885
1886,Bolívar,1886
1887,Atlántico,1887
1888,Magdalena,1888
1889,Mérida,1889
1890,Trujillo,1890
1891,Falcón,1891
1892,Yaracuy,1892
1893,Carabobo,1893
1894,Aragua,1894
1895,Vargas,1895
1896,Miranda,1896
1897,Anzoátegui,1897
1898,Sucre,1898
1899,Monagas,1899
1900,Cuyuni-Mazaruni,1900
1901,Upper Takutu-Upper Essequibo,1901
1902,East Berbice-Corentyne,1902
1903,Essequibo Islands-West Demerara,1903
1904,Coronie,1904
1905,Saramacca,1905
1906,Wanica,1906
1907,Paramaribo,1907
1908,Commewijne,1908
1909,Aruba,1909
1910,Andhra Pradesh,1910
1911,Sud,1911
1912,Ondo,1912
1913,Delta,1913
1914,Bayelsa,1914
1915,Rivers,1915
1916,Akwa Ibom,1916
1917,Littoral,1917
1918,Ogooué-Maritime,1918
1919,Pointe Noire,1919
1920,Bengo,1920
1921,Luanda,1921
1922,Surt,1922
1923,Misratah,1923
1924,Al Marqab,1924
1925,Tajura' wa an Nawahi al Arba,1925
1926,Az Zawiyah,1926
1927,Gabès,1927
1928,Sfax,1928
1929,Mahdia,1929
1930,Monastir,1930
1931,Sousse,1931
1932,Nabeul,1932
1933,Ben Arous (Tunis Sud),1933
1934,Tunis,1934
1935,Manubah,1935
1936,Bizerte,1936
1937,Béja,1937
1938,Annaba,1938
1939,Skikda,1939
1940,Jijel,1940
1941,Béjaïa,1941
1942,Tizi Ouzou,1942
1943,Boumerdès,1943
1944,Alger,1944
1945,Tipaza,1945
1946,Chlef,1946
1947,Mostaganem,1947
1948,Oran,1948
1949,Aïn Témouchent,1949
1950,Taza - Al Hoceima - Taounate,1950
1951,Gharb - Chrarda - Béni Hssen,1951
1952,Rabat - Salé - Zemmour - Zaer,1952
1953,Chaouia - Ouardigha,1953
1954,Grand Casablanca,1954
1955,Doukkala - Abda,1955
1956,Marrakech - Tensift - Al Haouz,1956
1957,Inchiri,1957
1958,Nouakchott,1958
1959,Louga,1959
1960,Thiès,1960
1961,Dakar,1961
1962,Banjul,1962
1963,Biombo,1963
1964,Bissau,1964
1965,Quinara,1965
1966,Bolama,1966
1967,Boffa,1967
1968,Dubréka,1968
1969,Conakry,1969
1970,Coyah,1970
1971,Western,1971
1972,Bomi,1972
1973,Montserrado,1973
1974,Margibi,1974
1975,Grand Bassa,1975
1976,River Cess,1976
1977,Sinoe,1977
1978,Grand Kru,1978
1979,Sud-Bandama,1979
1980,Lagunes,1980
1981,Central,1981
1982,Greater Accra,1982
1983,Atlantique,1983
1984,Littoral,1984
1985,Colima,1985
1986,Grand'Anse,1986
1987,Aurora,1987
1988,Quezon,1988
1989,Camarines Norte,1989
1990,Camarines Sur,1990
1991,Albay,1991
1992,Sorsogon,1992
1993,Lucena,1993
1994,Batangas,1994
1995,Cavite,1995
1996,Las Pinas,1996
1997,Paranaque,1997
1998,Pasay,1998
1999,Manila,1999
2000,Navotas,2000
2001,Bulacan,2001
2002,Pampanga,2002
2003,Bataan,2003
2004,Olongapo,2004
2005,Zambales,2005
2006,Pangasinan,2006
2007,Dagupan,2007
2008,La Union,2008
2009,Ilocos Sur,2009
2010,Ilocos Norte,2010
2011,Cagayan,2011
2012,Isabela,2012
2013,Nord-Ouest,2013
2014,Hainan,2014
2015,Nayarit,2015
2016,Inagua,2016
2017,Providenciales and West Caicos,2017
2018,South Caicos and East Caicos,2018
2019,Middle Caicos,2019
2020,North Caicos,2020
2021,Mayaguana,2021
2022,Acklins,2022
2023,Fujian,2023
2024,Baja California Sur,2024
2025,Jubbada Dhexe,2025
2026,Shabeellaha Hoose,2026
2027,Banaadir,2027
2028,Shabeellaha Dhexe,2028
2029,Djibouti,2029
2030,As Suways,2030
2031,Janub Sina',2031
2032,Tabuk,2032
2033,Al Madinah,2033
2034,Makkah,2034
2035,Al Hudaydah,2035
2036,Ta`izz,2036
2037,Lahij,2037
2038,`Adan,2038
2039,Abyan,2039
2040,Shabwah,2040
2041,Ash Sharqiyah South,2041
2042,Ash Sharqiyah North,2042
2043,Muscat,2043
2044,Al Batnah South,2044
2045,Umm Al Qaywayn,2045
2046,Ajman,2046
2047,Al Wakrah,2047
2048,Ad Dawhah,2048
2049,Al Daayen,2049
2050,Al Khawr,2050
2051,Madinat ach Shamal,2051
2052,Mubarak Al-Kabeer,2052
2053,Hawalli,2053
2054,Al Asimah,2054
2055,Taoyuan,2055
2056,Hsinchu,2056
2057,Hsinchu City,2057
2058,Miaoli,2058
2059,Taichung City,2059
2060,Changhua,2060
2061,Yunlin,2061
2062,Chiayi,2062
2063,Tainan City,2063
2064,Kaohsiung City,2064
2065,Pingtung,2065
2066,Taitung,2066
2067,Hualien,2067
2068,Yilan,2068
2069,New Taipei City,2069
2070,Keelung City,2070
2071,Sinaloa,2071
2072,Louisiana,2072
2073,Mississippi,2073
2074,Alabama,2074
2075,Florida,2075
2076,Georgia,2076
2077,South Carolina,2077
2078,North Carolina,2078
2079,Virginia,2079
2080,District of Columbia,2080
2081,Maryland,2081
2082,Delaware,2082
2083,New Jersey,2083
2084,Connecticut,2084
2085,Rhode Island,2085
2086,Massachusetts,2086
2087,Ngöbe Buglé,2087
2088,Atlántico Sur,2088
2089,Colón,2089
2090,Atlántida,2090
2091,Stann Creek,2091
2092,Belize,2092
2093,Yucatán,2093
2094,Veracruz,2094
2095,Jalisco,2095
2096,Michoacán,2096
2097,Guerrero,2097
2098,Oaxaca,2098
2099,Retalhuleu,2099
2100,Suchitepéquez,2100
2101,Escuintla,2101
2102,Santa Rosa,2102
2103,Sonsonate,2103
2104,La Libertad,2104
2105,La Paz,2105
2106,San Vicente,2106
2107,Usulután,2107
2108,León,2108
2109,Managua,2109
2110,Carazo,2110
2111,Los Santos,2111
2112,Herrera,2112
2113,Zhejiang,2113
2114,Shanghai,2114
2115,Kagoshima,2115
2116,Jiangsu,2116
2117,Bushehr,2117
2118,Hormozgan,2118
2119,Tel Aviv,2119
2120,Bur Sa`id,2120
2121,Ad Daqahliyah,2121
2122,Ash Sharqiyah,2122
2123,Al Isma`iliyah,2123
2124,Dumyat,2124
2125,Kafr ash Shaykh,2125
2126,Al Buhayrah,2126
2127,Al Iskandariyah,2127
2128,Al Qubbah,2128
2129,Al Jabal al Akhdar,2129
2130,Al Marj,2130
2131,Benghazi,2131
2132,Ōita,2132
2133,Fukuoka,2133
2134,Saga,2134
2135,Nagasaki,2135
2136,Kumamoto,2136
2137,Miyazaki,2137
2138,Tokushima,2138
2139,Kagawa,2139
2140,Ehime,2140
2141,Kōchi,2141
2142,Shimane,2142
2143,South Chungcheong,2143
2144,Yamaguchi,2144
2145,Tottori,2145
2146,Hyōgo,2146
2147,Kyōto,2147
2148,Fukui,2148
2149,Ishikawa,2149
2150,Toyama,2150
2151,Niigata,2151
2152,Yamagata,2152
2153,Akita,2153
2154,Aomori,2154
2155,Iwate,2155
2156,Miyagi,2156
2157,Fukushima,2157
2158,Ibaraki,2158
2159,Chiba,2159
2160,Tokyo,2160
2161,Kanagawa,2161
2162,Shizuoka,2162
2163,Aichi,2163
2164,Mie,2164
2165,Wakayama,2165
2166,Ōsaka,2166
2167,Okayama,2167
2168,Hiroshima,2168
2169,Oregon,2169
2170,Nunavut,2170
2171,Newfoundland and Labrador,2171
2172,Nova Scotia,2172
2173,Hokkaidō,2173
2174,Saint-Pierre,2174
2175,Miquelon-Langlade,2175
2176,Orissa,2176
2177,Barisal,2177
2178,Ayeyarwady,2178
2179,Yangon,2179
2180,Bago,2180
2181,Phangnga,2181
2182,Krabi,2182
2183,Trang,2183
2184,Pulau Pinang,2184
2185,Selangor,2185
2186,Negeri Sembilan,2186
2187,Melaka,2187
2188,Johor,2188
2189,Pahang,2189
2190,Trengganu,2190
2191,Pattani,2191
2192,Phatthalung,2192
2193,Nakhon Si Thammarat,2193
2194,Surat Thani,2194
2195,Samut Songkhram,2195
2196,Samut Sakhon,2196
2197,Bangkok Metropolis,2197
2198,Samut Prakan,2198
2199,Chachoengsao,2199
2200,Chon Buri,2200
2201,Rayong,2201
2202,Kep,2202
2203,Cà Mau,2203
2204,Bạc Liêu,2204
2205,Hau Giang,2205
2206,Vĩnh Long,2206
2207,Trà Vinh,2207
2208,Bến Tre,2208
2209,Đông Nam Bộ,2209
2210,Bình Thuận,2210
2211,Ninh Thuận,2211
2212,Phú Yên,2212
2213,Bình Định,2213
2214,Quảng Ngãi,2214
2215,Đà Nẵng,2215
2216,Ninh Bình,2216
2217,Nam Định,2217
2218,Thái Bình,2218
2219,Hải Phòng,2219
2220,Shandong,2220
2221,Hebei,2221
2222,Tianjin,2222
2223,P'yŏngan-namdo,2223
2224,Hwanghae-namdo,2224
2225,Incheon,2225
2226,North Jeolla,2226
2227,South Jeolla,2227
2228,South Gyeongsang,2228
2229,Busan,2229
2230,Ulsan,2230
2231,North Gyeongsang,2231
2232,Hamgyŏng-namdo,2232
2233,Maga Buryatdan,2233
2234,Daman and Diu,2234
2235,Maharashtra,2235
2236,Goa,2236
2237,Karnataka,2237
2238,Kerala,2238
2239,Puducherry,2239
2240,Tamil Nadu,2240
2241,Sakhalin,2241
2242,Dublin,2242
2243,Dún Laoghaire–Rathdown,2243
2244,Wicklow,2244
2245,Wexford,2245
2246,Kilkenny,2246
2247,Waterford,2247
2248,Cork,2248
2249,Cork,2249
2250,Kerry,2250
2251,Limerick,2251
2252,Clare,2252
2253,Galway,2253
2254,Galway,2254
2255,Mayo,2255
2256,Sligo,2256
2257,Limavady,2257
2258,Coleraine,2258
2259,Moyle,2259
2260,Larne,2260
2261,Carrickfergus,2261
2262,Newtownabbey,2262
2263,Belfast,2263
2264,North Down,2264
2265,Ards,2265
2266,Down,2266
2267,Meath,2267
2268,Fingal,2268
2269,Zaporizhzhya,2269
2270,Sevastopol,2270
2271,Mykolayiv,2271
2272,Varna,2272
2273,Istanbul,2273
2274,Tekirdag,2274
2275,Çanakkale,2275
2276,Clackmannanshire,2276
2277,Stirling,2277
2278,Falkirk,2278
2279,West Lothian,2279
2280,Edinburgh,2280
2281,Midlothian,2281
2282,East Lothian,2282
2283,North Tyneside,2283
2284,South Tyneside,2284
2285,Sunderland,2285
2286,Durham,2286
2287,Hartlepool,2287
2288,Redcar and Cleveland,2288
2289,North Yorkshire,2289
2290,East Riding of Yorkshire,2290
2291,Kingston upon Hull,2291
2292,North Lincolnshire,2292
2293,North East Lincolnshire,2293
2294,Lincolnshire,2294
2295,Norfolk,2295
2296,Suffolk,2296
2297,Essex,2297
2298,Southend-on-Sea,2298
2299,Thurrock,2299
2300,Kent,2300
2301,Medway,2301
2302,East Sussex,2302
2303,Brighton and Hove,2303
2304,West Sussex,2304
2305,Hampshire,2305
2306,Portsmouth,2306
2307,Southampton,2307
2308,Dorset,2308
2309,Bournemouth,2309
2310,Poole,2310
2311,Devon,2311
2312,Torbay,2312
2313,Plymouth,2313
2314,Cornwall,2314
2315,Somerset,2315
2316,North Somerset,2316
2317,Bristol,2317
2318,South Gloucestershire,2318
2319,Newport,2319
2320,Cardiff,2320
2321,Vale of Glamorgan,2321
2322,Bridgend,2322
2323,Neath Port Talbot,2323
2324,Swansea,2324
2325,Carmarthenshire,2325
2326,Pembrokeshire,2326
2327,Ceredigion,2327
2328,Gwynedd,2328
2329,Conwy,2329
2330,Denbighshire,2330
2331,Halton,2331
2332,Halton,2332
2333,Knowsley,2333
2334,Liverpool,2334
2335,Sefton,2335
2336,Lancashire,2336
2337,Blackpool,2337
2338,South Ayrshire,2338
2339,North Ayshire,2339
2340,Inverclyde,2340
2341,Renfrewshire,2341
2342,West Dunbartonshire,2342
2343,Argyll and Bute,2343
2344,Highland,2344
2345,Moray,2345
2346,Aberdeenshire,2346
2347,Aberdeen,2347
2348,Angus,2348
2349,Dundee,2349
2350,Perthshire and Kinross,2350
2351,Fife,2351
2352,Chukchi Autonomous Okrug,2352
2353,Austurland,2353
2354,Suðurland,2354
2355,Suðurnes,2355
2356,Reykjavík,2356
2357,Höfuðborgarsvæði,2357
2358,Vesturland,2358
2359,Vestfirðir,2359
2360,Norðurland vestra,2360
2361,Norðurland eystra,2361
2362,Yamal-Nenets,2362
2363,Nenets,2363
2364,Northwest Territories,2364
2365,Sakha (Yakutia),2365
2366,Nicas,2366
2367,Liepāja,2367
2368,Grobinas,2368
2369,Pavilostas,2369
2370,Ventspils,2370
2371,Ventspils,2371
2372,Dundagas,2372
2373,Rojas,2373
2374,Talsi,2374
2375,Mersraga,2375
2376,Engures,2376
2377,Jurmala,2377
2378,Riga,2378
2379,Carnikavas,2379
2380,Saulkrastu,2380
2381,Limbaži,2381
2382,Lääne,2382
2383,Harju,2383
2384,Lääne-Viru,2384
2385,City of St. Petersburg,2385
2386,Uusimaa,2386
2387,Finland Proper,2387
2388,Satakunta,2388
2389,Ostrobothnia,2389
2390,Central Ostrobothnia,2390
2391,Västernorrland,2391
2392,Gävleborg,2392
2393,Uppsala,2393
2394,Stockholm,2394
2395,Södermanland,2395
2396,Östergötland,2396
2397,Kalmar,2397
2398,Blekinge,2398
2399,Skåne,2399
2400,Halland,2400
2401,Oslo,2401
2402,Buskerud,2402
2403,Vestfold,2403
2404,Telemark,2404
2405,Aust-Agder,2405
2406,Vest-Agder,2406
2407,Rogaland,2407
2408,Hordaland,2408
2409,Sogn og Fjordane,2409
2410,Møre og Romsdal,2410
2411,Rize,2411
2412,Trabzon,2412
2413,Giresun,2413
2414,Ordu,2414
2415,Samsun,2415
2416,Sinop,2416
2417,Kastamonu,2417
2418,Bartın,2418
2419,Zinguldak,2419
2420,Düzce,2420
2421,Sakarya,2421
2422,Kocaeli,2422
2423,Yalova,2423
2424,Bursa,2424
2425,Balikesir,2425
2426,Izmir,2426
2427,Aydin,2427
2428,Mugla,2428
2429,Antalya,2429
2430,Mersin,2430
2431,Adana,2431
2432,Mount Lebanon,2432
2433,Beirut,2433
2434,Arkhangel'sk,2434
2435,Krasnoyarsk,2435
2436,Ayion Oros,2436
2437,Thessalia,2437
2438,Stereá Elláda,2438
2439,Attiki,2439
2440,Peloponnisos,2440
2441,Dytiki Ellada,2441
2442,Fier,2442
2443,Durrës,2443
2444,Durrës,2444
2445,Lezhë,2445
2446,Budva,2446
2447,Tivat,2447
2448,Šibensko-Kninska,2448
2449,Licko-Senjska,2449
2450,Izola,2450
2451,Venezia,2451
2452,Padova,2452
2453,Rovigo,2453
2454,Ferrara,2454
2455,Ravenna,2455
2456,Forlì-Cesena,2456
2457,Ancona,2457
2458,Macerata,2458
2459,Fermo,2459
2460,Ascoli Piceno,2460
2461,Teramo,2461
2462,Pescara,2462
2463,Chieti,2463
2464,Campobasso,2464
2465,Foggia,2465
2466,Barletta-Andria Trani,2466
2467,Bari,2467
2468,Brindisi,2468
2469,Lecce,2469
2470,Taranto,2470
2471,Matera,2471
2472,Cosenza,2472
2473,Crotene,2473
2474,Catanzaro,2474
2475,Reggio Calabria,2475
2476,Vibo Valentia,2476
2477,Potenza,2477
2478,Salerno,2478
2479,Napoli,2479
2480,Caserta,2480
2481,Latina,2481
2482,Roma,2482
2483,Viterbo,2483
2484,Grosseto,2484
2485,Livorno,2485
2486,Pisa,2486
2487,Lucca,2487
2488,Massa-Carrara,2488
2489,La Spezia,2489
2490,Genova,2490
2491,Savona,2491
2492,Var,2492
2493,Bouches-du-Rhône,2493
2494,Gard,2494
2495,Hérault,2495
2496,Aude,2496
2497,Barcelona,2497
2498,Tarragona,2498
2499,Castellón,2499
2500,Valencia,2500
2501,Alicante,2501
2502,Murcia,2502
2503,Almería,2503
2504,Granada,2504
2505,Málaga,2505
2506,Sevilla,2506
2507,Setúbal,2507
2508,Lisboa,2508
2509,Santarém,2509
2510,Leiria,2510
2511,Coimbra,2511
2512,Aveiro,2512
2513,Porto,2513
2514,La Coruña,2514
2515,Lugo,2515
2516,Asturias,2516
2517,Cantabria,2517
2518,Bizkaia,2518
2519,Landes,2519
2520,Gironde,2520
2521,Charente-Maritime,2521
2522,Vendée,2522
2523,Loire-Atlantique,2523
2524,Morbihan,2524
2525,Finistère,2525
2526,Côtes-d'Armor,2526
2527,Ille-et-Vilaine,2527
2528,Manche,2528
2529,Calvados,2529
2530,Eure,2530
2531,Seine-Maritime,2531
2532,Somme,2532
2533,Pas-de-Calais,2533
2534,Zuid-Holland,2534
2535,Noord-Holland,2535
2536,Friesland,2536
2537,Bremen,2537
2538,Hamburg,2538
2539,Midtjylland,2539
2540,Nordjylland,2540
2541,Kommuneqarfik Sermersooq,2541
2542,Nationalparken,2542
2543,Qaasuitsup Kommunia,2543
2544,Pituffik,2544
2545,Qeqqata Kommunia,2545
2546,Kommune Kujalleq,2546
2547,,2547
2548,Pitcairn Islands,2548
2549,Tuamotu-Gambier,2549
2550,Windward Islands,2550
2551,Iles Eparses de l'ocean Indien,2551
2552,Leeward Islands,2552
2553,Outer Islands,2553
2554,La Digue and Inner Islands,2554
2555,Kiribati,2555
2556,Railik Chain,2556
2557,Ratak Chain,2557
2558,Lakshadweep,2558
2559,Nueva Esparta,2559
2560,Tunapuna/Piarco,2560
2561,San Juan-Laventille,2561
2562,Diego Martin,2562
2563,Port of Spain,2563
2564,Chaguanas,2564
2565,Couva-Tabaquite-Talparo,2565
2566,San Fernando,2566
2567,Penal-Debe,2567
2568,Siparia,2568
2569,Point Fortin,2569
2570,Princes Town,2570
2571,Rio Claro-Mayaro,2571
2572,Sangre Grande,2572
2573,Dependencias Federales,2573
2574,Eastern Tobago,2574
2575,Western Tobago,2575
2576,Saint George,2576
2577,Saint David,2577
2578,Saint Andrew,2578
2579,Saint Patrick,2579
2580,Saint Mark,2580
2581,Saint John,2581
2582,Andaman and Nicobar,2582
2583,Bonaire,2583
2584,Carriacou and Petite Martinique,2584
2585,San Andrés y Providencia,2585
2586,Grenadines,2586
2587,Saint Joseph,2587
2588,Saint Andrew,2588
2589,Saint Peter,2589
2590,Saint Lucy,2590
2591,Saint James,2591
2592,Saint Michael,2592
2593,Christ Church,2593
2594,Saint Philip,2594
2595,Saint John,2595
2596,Saint Andrew,2596
2597,Saint George,2597
2598,Charlotte,2598
2599,Saint David,2599
2600,Saint Patrick,2600
2601,Gros Islet,2601
2602,Castries,2602
2603,Anse-la-Raye,2603
2604,Soufrière,2604
2605,Choiseul,2605
2606,Laborie,2606
2607,Vieux Fort,2607
2608,Micoud,2608
2609,Praslin,2609
2610,Dennery,2610
2611,Dauphin,2611
2612,Martinique,2612
2613,Saint Patrick,2613
2614,Saint David,2614
2615,Saint Andrew,2615
2616,Saint John,2616
2617,Saint Peter,2617
2618,Saint Joseph,2618
2619,Saint Paul,2619
2620,Saint George,2620
2621,Saint Luke,2621
2622,Saint Mark,2622
2623,Guadeloupe,2623
2624,Islas de la Bahía,2624
2625,Johnston Atoll,2625
2626,Saint Peter,2626
2627,Saint Anthony,2627
2628,Saint Georges,2628
2629,Saint Paul,2629
2630,Saint Philip,2630
2631,Saint Peter,2631
2632,Saint George,2632
2633,Saint John,2633
2634,Saint Mary,2634
2635,Saint Paul Charlestown,2635
2636,Saint John Figtree,2636
2637,Saint George Gingerland,2637
2638,Saint James Windward,2638
2639,Saint Thomas Lowland,2639
2640,Saint Paul Capesterre,2640
2641,Saint Anne Sandy Point,2641
2642,Saint Thomas Middle Island,2642
2643,Trinity Palmetto Point,2643
2644,Saint George Basseterre,2644
2645,Saint Peter Basseterre,2645
2646,Saint Mary Cayon,2646
2647,Christ Church Nichola Town,2647
2648,Saint John Capesterre,2648
2649,St. Eustatius,2649
2650,Barbuda,2650
2651,Saint Croix,2651
2652,Saint Barthélemy,2652
2653,Puerto Rico,2653
2654,La Altagracia,2654
2655,East End,2655
2656,Stoney Ground,2656
2657,North Side,2657
2658,The Valley,2658
2659,North Hill,2659
2660,Sandy Ground,2660
2661,South Hill,2661
2662,West End,2662
2663,Blowing Point,2663
2664,The Farrington,2664
2665,Sandy Hill,2665
2666,Island Harbour,2666
2667,Saint John,2667
2668,Saint Thomas,2668
2669,British Virgin Islands,2669
2670,Saint Ann,2670
2671,Trelawny,2671
2672,Saint James,2672
2673,Hanover,2673
2674,Westmoreland,2674
2675,Saint Elizabeth,2675
2676,Manchester,2676
2677,Clarendon,2677
2678,Saint Catherine,2678
2679,Saint Andrew,2679
2680,Kingston,2680
2681,Saint Thomas,2681
2682,Portland,2682
2683,Saint Mary,2683
2684,Cayman Islands,2684
2685,El Seybo,2685
2686,Hato Mayor,2686
2687,Samaná,2687
2688,María Trinidad Sánchez,2688
2689,Espaillat,2689
2690,Puerto Plata,2690
2691,Nord,2691
2692,L'Artibonite,2692
2693,Nippes,2693
2694,Barahona,2694
2695,Azua,2695
2696,Peravia,2696
2697,San Cristóbal,2697
2698,Santo Domingo,2698
2699,Distrito Nacional,2699
2700,San Pedro de Macorís,2700
2701,La Romana,2701
2702,Camagüey,2702
2703,Ciego de Ávila,2703
2704,Holguín,2704
2705,Grand Turk,2705
2706,Isla de la Juventud,2706
2707,Crooked Island and Long Cay,2707
2708,Sancti Spíritus,2708
2709,Villa Clara,2709
2710,Matanzas,2710
2711,Exuma,2711
2712,Long Island,2712
2713,Rum Cay,2713
2714,Black Point,2714
2715,San Salvador,2715
2716,Central Andros,2716
2717,Mangrove Cay,2717
2718,South Andros,2718
2719,Cat Island,2719
2720,New Providence,2720
2721,North Andros,2721
2722,Central Eleuthera,2722
2723,North Eleuthera,2723
2724,South Eleuthera,2724
2725,Berry Islands,2725
2726,Moore's Island,2726
2727,City of Freeport,2727
2728,West Grand Bahama,2728
2729,East Grand Bahama,2729
2730,Central Abaco,2730
2731,South Abaco,2731
2732,North Abaco,2732
2733,Hamilton,2733
2734,Smith's,2734
2735,Devonshire,2735
2736,Pembroke,2736
2737,City of Hamilton,2737
2738,Paget,2738
2739,Warwick,2739
2740,Southampton,2740
2741,Sandys,2741
2742,Saint George's,2742
2743,Kalmyk,2743
2744,Dəvəçi,2744
2745,Siyəzən,2745
2746,Xizı,2746
2747,Sumqayıt,2747
2748,Bakı,2748
2749,Salyan,2749
2750,Neftçala,2750
2751,Lankaran,2751
2752,Masallı,2752
2753,Lankaran,2753
2754,Mazandaran,2754
2755,Heard Island and McDonald Islands,2755
2756,Archipel des Kerguelen,2756
2757,Archipel des Crozet,2757
2758,Tristan da Cunha,2758
2759,La Réunion,2759
2760,Rivière du Rempart,2760
2761,Pamplemousses,2761
2762,Port Louis city,2762
2763,Rivière Noire,2763
2764,Savanne,2764
2765,Grand Port,2765
2766,Flacq,2766
2767,Saint Helena,2767
2768,Mayotte,2768
2769,Moûhîlî,2769
2770,Andjouân,2770
2771,Andjazîdja,2771
2772,Agaléga,2772
2773,Ascension,2773
2774,Zanzibar South and Central,2774
2775,Kaskazini-Unguja,2775
2776,Zanzibar West,2776
2777,Kusini-Pemba,2777
2778,Kaskazini-Pemba,2778
2779,Grand'Anse,2779
2780,Anse Boileau,2780
2781,Baie Lazare,2781
2782,Takamaka,2782
2783,Anse Royale,2783
2784,Au Cap,2784
2785,Anse aux Pins,2785
2786,Pointe La Rue,2786
2787,Cascade,2787
2788,Roche Caïman,2788
2789,Plaisance,2789
2790,Mont Fleuri,2790
2791,Bel Air,2791
2792,English River,2792
2793,Anse Etoile,2793
2794,Glacis,2794
2795,Beau Vallon,2795
2796,Bel Ombre,2796
2797,Port Glaud,2797
2798,Baie Sainte Anne,2798
2799,Grand'Anse Praslin,2799
2800,Annobón,2800
2801,São Tomé,2801
2802,Príncipe,2802
2803,Bioko Norte,2803
2804,Bioko Sur,2804
2805,Brava,2805
2806,Santa Catarina do Fogo,2806
2807,Mosteiros,2807
2808,São Filipe,2808
2809,Tarrafal,2809
2810,Santa Catarina,2810
2811,Ribeira Grande de Santiago,2811
2812,Praia,2812
2813,São Domingos,2813
2814,Santa Cruz,2814
2815,São Miguel,2815
2816,Maio,2816
2817,Boa Vista,2817
2818,Ribeira Brava,2818
2819,Tarrafal de São Nicolau,2819
2820,Sal,2820
2821,São Vicente,2821
2822,Ribeira Grande,2822
2823,Porto Novo,2823
2824,Paul,2824
2825,Santa Cruz de Tenerife,2825
2826,Las Palmas,2826
2827,Madeira,2827
2828,Kriti,2828
2829,Notio Aigaio,2829
2830,Paphos,2830
2831,Kalkara,2831
2832,Valletta,2832
2833,Sliema,2833
2834,San Giljan,2834
2835,Pembroke,2835
2836,Naxxar,2836
2837,San Pawl il-Bahar,2837
2838,Mellieħa,2838
2839,Mġarr,2839
2840,Rabat,2840
2841,Dingli,2841
2842,Siġġiewi,2842
2843,Qrendi,2843
2844,Żurrieq,2844
2845,Birżebbuġa,2845
2846,Marsaxlokk,2846
2847,Marsaskala,2847
2848,Żabbar,2848
2849,Xgħajra,2849
2850,San Lawrenz,2850
2851,Kerċem,2851
2852,Munxar,2852
2853,Sannat,2853
2854,Għajnsielem,2854
2855,Qala,2855
2856,Nadur,2856
2857,Xagħra,2857
2858,Żebbuġ,2858
2859,Għasri,2859
2860,Għarb,2860
2861,Trapani,2861
2862,Azores,2862
2863,Voreio Aigaio,2863
2864,Ionioi Nisoi,2864
2865,Messina,2865
2866,Palermo,2866
2867,Agrigento,2867
2868,Caltanissetta,2868
2869,Ragusa,2869
2870,Siracusa,2870
2871,Catania,2871
2872,Baleares,2872
2873,Carbonia-Iglesias,2873
2874,Sassari,2874
2875,Nuoro,2875
2876,Olbia-Tempio,2876
2877,Oristrano,2877
2878,Medio Campidano,2878
2879,Cagliari,2879
2880,Ogliastra,2880
2881,Haute-Corse,2881
2882,Corse-du-Sud,2882
2883,Jersey,2883
2884,Sark,2884
2885,Isle of Wight,2885
2886,Anglesey,2886
2887,Isle of Man,2887
2888,Sjaælland,2888
2889,Hovedstaden,2889
2890,Eilean Siar,2890
2891,Gotland,2891
2892,Orkney,2892
2893,Shetland Islands,2893
2894,Lumparland,2894
2895,Eckerö,2895
2896,Vårdö,2896
2897,Kumlinge,2897
2898,Jomala,2898
2899,Mariehamn,2899
2900,Eysturoyar,2900
2901,Tasmania,2901
2902,Cocos (Keeling) Islands,2902
2903,Bali,2903
2904,British Indian Ocean Territory,2904
2905,South West,2905
2906,Central Singapore,2906
2907,South East,2907
2908,North East,2908
2909,North West,2909
2910,Labuan,2910
2911,Phuket,2911
2912,Hawaii,2912
2913,Okinawa,2913
2914,Kinmen,2914
2915,Jeju,2915
2916,Kamchatka,2916
2917,Saare,2917
2918,Hiiu,2918
2919,Kökar,2919
2920,Föglö,2920
2921,Sottunga,2921
2922,Svalbard,2922
2923,Macquarie Island,2923
2924,Campbell Islands,2924
2925,Antipodes Islands,2925
2926,Chatham Islands Territory,2926
2927,Lord Howe Island,2927
2928,Kermadec Islands,2928
2929,Norfolk Island,2929
2930,Austral Islands,2930
2931,Mangaia,2931
2932,Mitiaro,2932
2933,Eastern,2933
2934,Vava'u,2934
2935,Sigave,2935
2936,Alo,2936
2937,Gaga'emauga,2937
2938,Gaga'ifomauga,2938
2939,Vaisigano,2939
2940,Satupa'itea,2940
2941,Palauli,2941
2942,Fa'asaleleaga,2942
2943,Rennell and Bellona,2943
2944,Marquesas Islands,2944
2945,Makira,2945
2946,Temotu,2946
2947,Malaita,2947
2948,Capital Territory (Honiara),2948
2949,Guadalcanal,2949
2950,Central,2950
2951,Penrhyn,2951
2952,Western,2952
2953,Tuvalu,2953
2954,Isabel,2954
2955,Ainaro,2955
2956,Manufahi,2956
2957,Manatuto,2957
2958,Viqueque,2958
2959,Lautém,2959
2960,Baucau,2960
2961,Dili,2961
2962,Liquica,2962
2963,,2963
2964,North Solomons,2964
2965,West New Britain,2965
2966,East New Britain,2966
2967,New Ireland,2967
2968,Bangka-Belitung,2968
2969,Manus,2969
2970,Addu,2970
2971,Anetan,2971
2972,Ewa,2972
2973,Baiti,2973
2974,Uaboe,2974
2975,Nibok,2975
2976,Denigomodu,2976
2977,Aiwo,2977
2978,Boe,2978
2979,Yaren,2979
2980,Meneng,2980
2981,Anibare,2981
2982,Ijuw,2982
2983,Anabar,2983
2984,Gnaviyani,2984
2985,Gaafu Dhaalu,2985
2986,Gaafu Alifu,2986
2987,Alifu Dhaalu,2987
2988,Kaafu,2988
2989,Alifu Alifu,2989
2990,Baa,2990
2991,Lhaviyani,2991
2992,Tawi-Tawi,2992
2993,Kosrae,2993
2994,Raa,2994
2995,Shaviyani,2995
2996,Basilan,2996
2997,Pohnpei,2997
2998,Chuuk,2998
2999,Camiguin,2999
3000,Siquijor,3000
3001,Bohol,3001
3002,Guimaras,3002
3003,Bacolod,3003
3004,Negros Occidental,3004
3005,Negros Oriental,3005
3006,Cebu,3006
3007,Mandaue,3007
3008,Cebu,3008
3009,Puerto Princesa,3009
3010,Tacloban,3010
3011,Ormoc,3011
3012,Aklan,3012
3013,Antique,3013
3014,Iloilo,3014
3015,Iloilo,3015
3016,Capiz,3016
3017,Romblon,3017
3018,Northern Samar,3018
3019,Masbate,3019
3020,Mindoro Oriental,3020
3021,Mindoro Occidental,3021
3022,Marinduque,3022
3023,Catanduanes,3023
3024,Batanes,3024
3025,South Georgia and the South Sandwich Islands,3025
3026,Bouvet Island,3026
3027,Falkland Islands,3027
3028,Iles Saint-Paul et Nouvelle-Amsterdam,3028
3029,Sud,3029
3030,Îles Loyauté,3030
3031,Eua,3031
3032,Rarotonga,3032
3033,Tongatapu,3033
3034,Tafea,3034
3035,Ha'apai,3035
3036,Rodrigues,3036
3037,Niue,3037
3038,Western,3038
3039,Central,3039
3040,Shefa,3040
3041,Northern,3041
3042,Malampa,3042
3043,Sanma,3043
3044,Niuas,3044
3045,Penama,3045
3046,Western,3046
3047,Eastern,3047
3048,Manu's,3048
3049,Torba,3049
3050,Atua,3050
3051,Va'a-o-Fonoti,3051
3052,Tuamasaga,3052
3053,A'ana,3053
3054,Aiga-i-le-Tai,3054
3055,`Uvea,3055
3056,Rotuma,3056
3057,Choiseul,3057
3058,Peleliu,3058
3059,Koror,3059
3060,Ngeremlengui,3060
3061,Ngatpang,3061
3062,Aimeliik,3062
3063,Airai,3063
3064,Ngchesar,3064
3065,Melekeok,3065
3066,Ngiwal,3066
3067,Ngaraard,3067
3068,Ngarchelong,3068
3069,Ngardmau,3069
3070,Yap,3070
3071,Guam,3071
3072,Rota,3072
3073,Tinian,3073
3074,Saipan,3074
3075,Paracel Islands,3075
3076,Northern Islands,3076
3077,Las Tunas,3077
3078,Mayabeque,3078
3079,Ciudad de la Habana,3079
3080,Artemisa,3080
3081,Pinar del Río,3081
3082,Cienfuegos,3082
3083,Granma,3083
3084,Santiago de Cuba,3084
3085,Penghu,3085
3086,Al Manāmah,3086
3087,Ash Shamālīyah,3087
3088,Al Janūbīyah,3088
3089,Al Wusţá,3089
3090,Prince Edward Island,3090
3091,Coral Sea Islands,3091
3092,Mauke,3092
3093,Atiu,3093
3094,Aitutaki,3094
3095,Rose Atoll,3095
3096,Swain's Island,3096
3097,Pukapuka,3097
3098,Christmas Island,3098
3099,Manihiki,3099
3100,Rakahanga,3100
3101,Tokelau,3101
3102,Jarvis Island,3102
3103,Baker Island,3103
3104,Howland Island,3104
3105,Laamu,3105
3106,Thaa,3106
3107,Dhaalu,3107
3108,Meemu,3108
3109,Hatobohei,3109
3110,Faafu,3110
3111,Vaavu,3111
3112,,3112
3113,Malé,3113
3114,Sonsorol,3114
3115,Noonu,3115
3116,Haa Dhaalu,3116
3117,Haa Alifu,3117
3118,Angaur,3118
3119,Spratly Islands,3119
3120,,3120
3121,,3121
3122,Wake Atoll,3122
3123,Bimini,3123
3124,Midway Islands,3124
3125,Isles of Scilly,3125
3126,Palmerston,3126
3127,Clipperton Island,3127
3128,Saba,3128
3129,Navassa Island,3129
3130,Salt Cay,3130
3131,Macau,3131
3132,Ragged Island,3132
3133,Islands,3133
3134,Southern,3134
3135,Central and Western,3135
3136,Wan Chai,3136
3137,Eastern,3137
3138,Tsuen Wan,3138
3139,,3139
3140,Tai Po,3140
3141,Sha Tin,3141
3142,Sai Kung,3142
3143,Kwun Tong,3143
3144,Kowloon City,3144
3145,Yau Tsim Mong,3145
3146,Sham Shui Po,3146
3147,Kwai Tsing,3147
3148,Tuen Mun,3148
3149,Yuen Long,3149
3150,Lemland,3150
3151,Brändö,3151
3152,,3152
3153,The Snares,3153
3154,Southland,3154
3155,Marlborough District,3155
3156,Nelson City,3156
3157,Tasman District,3157
3158,West Coast,3158
3159,Otago,3159
3160,Canterbury,3160
3161,Auckland,3161
3162,Waikato,3162
3163,Three Kings Islands,3163
3164,Wellington,3164
3165,Manawatu-Wanganui,3165
3166,Taranaki,3166
3167,Northland,3167
3168,Bay of Plenty,3168
3169,Gisborne District,3169
3170,Hawke's Bay,3170
3171,Ashmore and Cartier Islands,3171
3172,Palmyra Atoll,3172
3173,Kayangel,3173
3174,Lapu-Lapu,3174
3175,Redonda,3175
3176,Harbour Island,3176
3177,Spanish Wells,3177
3178,Al Muḩarraq,3178
3179,Midlands,3179
3180,Harare,3180
3181,Bulawayo,3181
3182,Ma'rib,3182
3183,Sana'a,3183
3184,Raymah,3184
3185,Al Bayda',3185
3186,Amran,3186
3187,Al Dali',3187
3188,Ibb,3188
3189,Al Mahwit,3189
3190,Dhamar,3190
3191,Hòa Bình,3191
3192,Tuyên Quang,3192
3193,Yên Bái,3193
3194,Vĩnh Phúc,3194
3195,Phú Thọ,3195
3196,Ha Noi,3196
3197,Đông Bắc,3197
3198,Đồng Bằng Sông Hồng,3198
3199,Bắc Ninh,3199
3200,Bắc Giang,3200
3201,Thái Nguyên,3201
3202,Hải Dương,3202
3203,Hà Nam,3203
3204,Bình Dương,3204
3205,Lâm Đồng,3205
3206,Can Tho,3206
3207,Tacuarembó,3207
3208,Durazno,3208
3209,Flores,3209
3210,Florida,3210
3211,Lavalleja,3211
3212,Guárico,3212
3213,Cojedes,3213
3214,Distrito Capital,3214
3215,Barinas,3215
3216,Lara,3216
3217,Portuguesa,3217
3218,Poltava,3218
3219,Khmel'nyts'kyy,3219
3220,Ternopil',3220
3221,Dnipropetrovs'k,3221
3222,Cherkasy,3222
3223,Kirovohrad,3223
3224,Siliana,3224
3225,Sidi Bou Zid,3225
3226,Kairouan,3226
3227,Zaghouan,3227
3228,Bern,3228
3229,Lucerne,3229
3230,Zug,3230
3231,Uri,3231
3232,Schwyz,3232
3233,Glarus,3233
3234,Nidwalden,3234
3235,Fribourg,3235
3236,Obwalden,3236
3237,Pesnica,3237
3238,Duplek,3238
3239,Miklavž na Dravskem polju,3239
3240,Hoce-Slivnica,3240
3241,Lenart,3241
3242,Sveta Ana,3242
3243,Lovrenc na Pohorju,3243
3244,Ribnica na Pohorju,3244
3245,Slovenj Gradec,3245
3246,Vuzenica,3246
3247,Chimbu,3247
3248,Enga,3248
3249,Western Highlands,3249
3250,Southern Highlands,3250
3251,Eastern Highlands,3251
3252,Criuleni,3252
3253,Străşeni,3253
3254,Anenii Noi,3254
3255,Orhei,3255
3256,Transnistria,3256
3257,Chişinău,3257
3258,Teleneşti,3258
3259,Şoldăneşti,3259
3260,Floreşti,3260
3261,Rezina,3261
3262,Ialoveni,3262
3263,Bolu,3263
3264,Ankara,3264
3265,Bilecik,3265
3266,Eskisehir,3266
3267,Çankiri,3267
3268,Karabük,3268
3269,Jharkhand,3269
3270,Delhi,3270
3271,Dadra and Nagar Haveli,3271
3272,Chandigarh,3272
3273,Madhya Pradesh,3273
3274,Utah,3274
3275,Wyoming,3275
3276,Nevada,3276
3277,Colorado,3277
3278,South Dakota,3278
3279,Nebraska,3279
3280,Kansas,3280
3281,Oklahoma,3281
3282,Iowa,3282
3283,Missouri,3283
3284,Arima,3284
3285,Khon Kaen,3285
3286,Sakon Nakhon,3286
3287,Suphan Buri,3287
3288,Sing Buri,3288
3289,Chai Nat,3289
3290,Ang Thong,3290
3291,Saraburi,3291
3292,Nakhon Ratchasima,3292
3293,Nakhon Nayok,3293
3294,Pathum Thani,3294
3295,Uthai Thani,3295
3296,Kalasin,3296
3297,Roi Et,3297
3298,Maha Sarakham,3298
3299,Nong Bua Lam Phu,3299
3300,Lop Buri,3300
3301,Udon Thani,3301
3302,Phra Nakhon Si Ayutthaya,3302
3303,Nonthaburi,3303
3304,Nakhon Pathom,3304
3305,Kamphaeng Phet,3305
3306,Lampang,3306
3307,Sukhothai,3307
3308,Nakhon Sawan,3308
3309,Phetchabun,3309
3310,Phichit,3310
3311,Chaiyaphum,3311
3312,Phrae,3312
3313,Lamphun,3313
3314,Prachin Buri,3314
3315,Yasothon,3315
3316,Ermera,3316
3317,Aileu,3317
3318,Nantou,3318
3319,Tokat,3319
3320,Sivas,3320
3321,Çorum,3321
3322,Amasya,3322
3323,Morogoro,3323
3324,Dodoma,3324
3325,Manyara,3325
3326,Semnan,3326
3327,Zanjan,3327
3328,Qazvin,3328
3329,Taipei City,3329
3330,Chiayi City,3330
3331,Hamah,3331
3332,Preddvor,3332
3333,Šenčur,3333
3334,Cerklje na Gorenjskem,3334
3335,Kamnik,3335
3336,Medvode,3336
3337,Kranj,3337
3338,Škofja Loka,3338
3339,Železniki,3339
3340,Bohinj,3340
3341,Naklo,3341
3342,Radovljica,3342
3343,Šoštanj,3343
3344,Ljubno,3344
3345,Luce,3345
3346,Lukovica,3346
3347,Benedikt,3347
3348,Laško,3348
3349,Dobje,3349
3350,Ruše,3350
3351,Vodice,3351
3352,Komenda,3352
3353,Mengeš,3353
3354,Vrhnika,3354
3355,Horjul,3355
3356,Cerkvenjak,3356
3357,Trzin,3357
3358,Puconci,3358
3359,Grad,3359
3360,Murska Sobota,3360
3361,Sveti Andraž v Slovenskih Goricah,3361
3362,Brezovica,3362
3363,Dobrova-Polhov Gradec,3363
3364,Gorenja vas-Poljane,3364
3365,Logatec,3365
3366,Trnovska vas,3366
3367,Destrnik,3367
3368,Race-Fram,3368
3369,Starše,3369
3370,Vransko,3370
3371,Velenje,3371
3372,Polzela,3372
3373,Šmartno ob Paki,3373
3374,Mozirje,3374
3375,Vitanje,3375
3376,Vojnik,3376
3377,Zrece,3377
3378,Mislinja,3378
3379,Zasavska,3379
3380,Litija,3380
3381,Gornji Grad,3381
3382,Cerknica,3382
3383,Velike Lašče,3383
3384,Borovnica,3384
3385,Postojna,3385
3386,Pivka,3386
3387,Dobrna,3387
3388,Celje,3388
3389,Nazarje,3389
3390,Domžale,3390
3391,Ivancna Gorica,3391
3392,Ljubljana,3392
3393,Šmartno in Litiji,3393
3394,Ig,3394
3395,Dol pri Ljubljani,3395
3396,Prebold,3396
3397,Moravce,3397
3398,Appenzell Ausserrhoden,3398
3399,Appenzell Innerrhoden,3399
3400,Västmanland,3400
3401,Jönköping,3401
3402,Orebro,3402
3403,Kronoberg,3403
3404,Para,3404
3405,Brokopondo,3405
3406,Gezira,3406
3407,Khartoum,3407
3408,North Kordufan,3408
3409,Lakes,3409
3410,Warrap,3410
3411,Zaragoza,3411
3412,La Rioja,3412
3413,Álava,3413
3414,Albacete,3414
3415,Teruel,3415
3416,Cuenca,3416
3417,Toledo,3417
3418,León,3418
3419,Soria,3419
3420,Burgos,3420
3421,Ávila,3421
3422,Gauteng,3422
3423,Dobrepolje,3423
3424,Radece,3424
3425,Štore,3425
3426,Slovenske Konjice,3426
3427,Žiri,3427
3428,Oplotnica,3428
3429,Cerkno,3429
3430,Bled,3430
3431,Ajdovščina,3431
3432,Divaca,3432
3433,Idrija,3433
3434,Vipava,3434
3435,Bloke,3435
3436,Šentjur pri Celju,3436
3437,Kozje,3437
3438,Šmarje pri Jelšah,3438
3439,Sevnica,3439
3440,Mirna Pec,3440
3441,Trebnje,3441
3442,Žužemberk,3442
3443,Turnišče,3443
3444,Radenci,3444
3445,Sveti Jurij,3445
3446,Velika Polana,3446
3447,Beltinci,3447
3448,Veržej,3448
3449,Odranci,3449
3450,Diourbel,3450
3451,Ar Riyad,3451
3452,Al Quassim,3452
3453,Ha'il,3453
3454,Al Bahah,3454
3455,Cluj,3455
3456,Bistrita-Nasaud,3456
3457,Salaj,3457
3458,Dâmbovita,3458
3459,Ilfov,3459
3460,Arges,3460
3461,Gorj,3461
3462,Hunedoara,3462
3463,Vâlcea,3463
3464,Prahova,3464
3465,Covasna,3465
3466,Vrancea,3466
3467,Buzau,3467
3468,Brasov,3468
3469,Sibiu,3469
3470,Mures,3470
3471,Harghita,3471
3472,Neamt,3472
3473,Bacau,3473
3474,Alba,3474
3475,Grosuplje,3475
3476,Škofljica,3476
3477,Hrastnik,3477
3478,Žalec,3478
3479,Trbovlje,3479
3480,Braslovce,3480
3481,Tabor,3481
3482,Krsko,3482
3483,Hajdina,3483
3484,Ptuj,3484
3485,Majšperk,3485
3486,Slovenska Bistrica,3486
3487,Markovci,3487
3488,Kidricevo,3488
3489,Dornava,3489
3490,Križevci,3490
3491,Juršinci,3491
3492,Semic,3492
3493,Dolenjske Toplice,3493
3494,Sodražica,3494
3495,Ribnica,3495
3496,Škocjan,3496
3497,Nišavski,3497
3498,Pomoravski,3498
3499,Šumadijski,3499
3500,Moravicki,3500
3501,Kolubarski,3501
3502,Oppland,3502
3503,Kuala Lumpur,3503
3504,Putrajaya,3504
3505,Dowa,3505
3506,Balaka,3506
3507,Chiradzulu,3507
3508,Blantyre,3508
3509,Ntchisi,3509
3510,Kauno,3510
3511,Valverde,3511
3512,Santiago Rodríguez,3512
3513,La Vega,3513
3514,Hermanas,3514
3515,Duarte,3515
3516,Santiago,3516
3517,Bahoruco,3517
3518,San Juan,3518
3519,Naxçıvan,3519
3520,Şuşa,3520
3521,Xocalı,3521
3522,Şuşa,3522
3523,Ağdam,3523
3524,Tərtər,3524
3525,Goranboy,3525
3526,Xocavənd,3526
3527,Hajigabul,3527
3528,Abşeron,3528
3529,Xanlar,3529
3530,Kürdəmir,3530
3531,Zərdab,3531
3532,Sabirabad,3532
3533,Shirvan,3533
3534,Kamuli,3534
3535,Luuka,3535
3536,Buyende,3536
3537,Jinja,3537
3538,Apac,3538
3539,Nakasongola,3539
3540,Masindi,3540
3541,Kayunga,3541
3542,Luweero,3542
3543,Amolatar,3543
3544,Mityana,3544
3545,Kiboga,3545
3546,Mpigi,3546
3547,Butambala,3547
3548,Gomba,3548
3549,Wakiso,3549
3550,Nakaseke,3550
3551,Kyankwanzi,3551
3552,Kaberamaido,3552
3553,Dokolo,3553
3554,Kyenjojo,3554
3555,Kamwenge,3555
3556,Kyegegwa,3556
3557,Sembabule,3557
3558,Kibale,3558
3559,Mubende,3559
3560,Braila,3560
3561,Ialomita,3561
3562,Umm Salal,3562
3563,Viseu,3563
3564,Agusan del Sur,3564
3565,Bukidnon,3565
3566,Cotabato,3566
3567,South Cotabato,3567
3568,Cusco,3568
3569,Ayacucho,3569
3570,Apurímac,3570
3571,Huancavelica,3571
3572,San Martín,3572
3573,Huánuco,3573
3574,Pasco,3574
3575,Junín,3575
3576,San Pedro,3576
3577,Caaguazú,3577
3578,Cordillera,3578
3579,Caazapá,3579
3580,Paraguarí,3580
3581,Guairá,3581
3582,F.C.T.,3582
3583,Matagalpa,3583
3584,Boaco,3584
3585,Chontales,3585
3586,Estelí,3586
3587,Granada,3587
3588,Masaya,3588
3589,Flevoland,3589
3590,Utrecht,3590
3591,Fès - Boulemane,3591
3592,Tadla - Azilal,3592
3593,Mojkovac,3593
3594,Cetinje,3594
3595,Šavnik,3595
3596,Kolašin,3596
3597,Danilovgrad,3597
3598,Călărași,3598
3599,Drochia,3599
3600,Sîngerei,3600
3601,Bălţi,3601
3602,Analamanga,3602
3603,Betsiboka,3603
3604,Bongolava,3604
3605,Vakinankaratra,3605
3606,Amoron'i Mania,3606
3607,Alaotra-Mangoro,3607
3608,Smiltenes,3608
3609,Balvu,3609
3610,Strencu,3610
3611,Beverinas,3611
3612,Burtnieku,3612
3613,Kocenu,3613
3614,Rezeknes,3614
3615,Vecpiebalgas,3615
3616,Raunas,3616
3617,Priekulu,3617
3618,Pargaujas,3618
3619,Krimuldas,3619
3620,Gulbene,3620
3621,Rugaju,3621
3622,Jaunpiebalgas,3622
3623,Aglonas,3623
3624,Riebinu,3624
3625,Vilanu,3625
3626,Babites,3626
3627,Garkalnes,3627
3628,Kekavas,3628
3629,Marupes,3629
3630,Olaines,3630
3631,Salaspils,3631
3632,Stopinu,3632
3633,Sejas,3633
3634,Malpils,3634
3635,Siguldas,3635
3636,Madona,3636
3637,Lubanas,3637
3638,Varaklanu,3638
3639,Amatas,3639
3640,Erglu,3640
3641,Cesvaines,3641
3642,Ogre,3642
3643,Ropazu,3643
3644,Ikskiles,3644
3645,Baldones,3645
3646,Keguma,3646
3647,Iecavas,3647
3648,Plavinu,3648
3649,Kokneses,3649
3650,Aizkraukles,3650
3651,Skriveru,3651
3652,Lielvardes,3652
3653,Jaunjelgavas,3653
3654,Preilu,3654
3655,Livanu,3655
3656,Varkavas,3656
3657,Jekabpils,3657
3658,Krustpils,3658
3659,Salas,3659
3660,Aizputes,3660
3661,Kuldigas,3661
3662,Alsungas,3662
3663,Skrundas,3663
3664,Kandavas,3664
3665,Tukums,3665
3666,Dobele,3666
3667,Jaunpils,3667
3668,Brocenu,3668
3669,Ozolnieku,3669
3670,Bishkek,3670
3671,Al Farwaniyah,3671
3672,Orahovac,3672
3673,Srbica,3673
3674,Klina,3674
3675,Kosovska Mitrovica,3675
3676,Glogovac,3676
3677,Mališevo,3677
3678,Nairobi,3678
3679,Central,3679
3680,Ajlun,3680
3681,Jarash,3681
3682,Gunma,3682
3683,Nagano,3683
3684,Tochigi,3684
3685,Gifu,3685
3686,Shiga,3686
3687,Saitama,3687
3688,Yamanashi,3688
3689,Nara,3689
3690,Haut-Sassandra,3690
3691,Agnéby,3691
3692,N'zi-Comoé,3692
3693,Marahoué,3693
3694,Fromager,3694
3695,Vallée du Bandama,3695
3696,Lacs,3696
3697,Worodougou,3697
3698,Kildare,3698
3699,Carlow,3699
3700,Laoighis,3700
3701,South Dublin,3701
3702,Offaly,3702
3703,Westmeath,3703
3704,Longford,3704
3705,Roscommon,3705
3706,North Tipperary,3706
3707,South Tipperary,3707
3708,Waterford,3708
3709,Limerick,3709
3710,Comayagua,3710
3711,Yoro,3711
3712,Francisco Morazán,3712
3713,Kissidougou,3713
3714,Kérouané,3714
3715,Télimélé,3715
3716,Lélouma,3716
3717,Dalaba,3717
3718,Labé,3718
3719,Pita,3719
3720,Kouroussa,3720
3721,Fria,3721
3722,Chimaltenango,3722
3723,Sacatepéquez,3723
3724,Guatemala,3724
3725,Jalapa,3725
3726,El Progreso,3726
3727,Sololá,3727
3728,Quezaltenango,3728
3729,Baja Verapaz,3729
3730,Totonicapán,3730
3731,Ashanti,3731
3732,Eastern,3732
3733,Hessen,3733
3734,Thüringen,3734
3735,Sachsen-Anhalt,3735
3736,Berlin,3736
3737,Moyen-Ogooué,3737
3738,Rapla,3738
3739,Järva,3739
3740,Anseba,3740
3741,Cuscatlán,3741
3742,San Salvador,3742
3743,Al Qahirah,3743
3744,Al Jizah,3744
3745,Al Minya,3745
3746,Al Fayyum,3746
3747,Bani Suwayf,3747
3748,Al Minufiyah,3748
3749,Al Qalyubiyah,3749
3750,Al Gharbiyah,3750
3751,Suhaj,3751
3752,Qina,3752
3753,Asyut,3753
3754,Azuay,3754
3755,Cañar,3755
3756,Napo,3756
3757,Tungurahua,3757
3758,Chimborazo,3758
3759,Bolivar,3759
3760,Imbabura,3760
3761,Cotopaxi,3761
3762,Los Rios,3762
3763,Pichincha,3763
3764,Santo Domingo de los Tsáchilas,3764
3765,Monseñor Nouel,3765
3766,Sánchez Ramírez,3766
3767,San José de Ocoa,3767
3768,Monte Plata,3768
3769,Bjelovarsko-bilogorska,3769
3770,Grad Zagreb,3770
3771,Brodsko-Posavska,3771
3772,San José,3772
3773,Cartago,3773
3774,Caquetá,3774
3775,Huila,3775
3776,Guaviare,3776
3777,Caldas,3777
3778,Casanare,3778
3779,Meta,3779
3780,Bogota,3780
3781,Santander,3781
3782,Tolima,3782
3783,Quindío,3783
3784,Cundinamarca,3784
3785,Risaralda,3785
3786,Beijing,3786
3787,Kasaï-Oriental,3787
3788,Maniema,3788
3789,Sichuan,3789
3790,Chongqing,3790
3791,Guizhou,3791
3792,Hunan,3792
3793,Ningxia,3793
3794,Shaanxi,3794
3795,Qinghai,3795
3796,Shanxi,3796
3797,Jiangxi,3797
3798,Henan,3798
3799,Hubei,3799
3800,Anhui,3800
3801,Barh El Gazel,3801
3802,Tandjilé,3802
3803,Logone Occidental,3803
3804,Guéra,3804
3805,Batha,3805
3806,Ouest,3806
3807,Centre,3807
3808,Kâmpóng Chhnang,3808
3809,Kâmpóng Thum,3809
3810,Kâmpóng Spœ,3810
3811,Phnom Penh,3811
3812,Goiás,3812
3813,Distrito Federal,3813
3814,Minas Gerais,3814
3815,Tocantins,3815
3816,Kweneng,3816
3817,Gaborone,3817
3818,Jwaneng,3818
3819,Cochabamba,3819
3820,Chirang,3820
3821,Wangdi Phodrang,3821
3822,Daga,3822
3823,Punakha,3823
3824,Mongar,3824
3825,Tongsa,3825
3826,Pemagatsel,3826
3827,Minsk,3827
3828,Saint George,3828
3829,Saint Thomas,3829
3830,Saatlı,3830
3831,Bərdə,3831
3832,Şəmkir,3832
3833,Ağsu,3833
3834,Nana-Grébizi,3834
3835,Şamaxı,3835
3836,Quba,3836
3837,Ucar,3837
3838,Qobustan,3838
3839,İsmayıllı,3839
3840,Yevlakh Rayon,3840
3841,Gəncə,3841
3842,Mingəçevir,3842
3843,Göyçay,3843
3844,Ağdaş,3844
3845,Ağcabədi,3845
3846,Australian Capital Territory,3846
3847,Wien,3847
3848,Kotayk,3848
3849,Erevan,3849
3850,Santa Fe,3850
3851,Tucumán,3851
3852,Santiago del Estero,3852
3853,San Luis,3853
3854,La Pampa,3854
3855,Córdoba,3855
3856,Bié,3856
3857,Cuanza Norte,3857
3858,Huíla,3858
3859,Huambo,3859
3860,Sétif,3860
3861,Bordj Bou Arréridj,3861
3862,Bouira,3862
3863,Blida,3863
3864,Tissemsilt,3864
3865,Aïn Defla,3865
3866,Relizane,3866
3867,El Bayadh,3867
3868,Saïda,3868
3869,Sidi Bel Abbès,3869
3870,Mascara,3870
3871,Ghardaïa,3871
3872,Laghouat,3872
3873,Médéa,3873
3874,Tiaret,3874
3875,M'Sila,3875
3876,Batna,3876
3877,Khenchela,3877
3878,Guelma,3878
3879,Constantine,3879
3880,Mila,3880
3881,Oum el Bouaghi,3881
3882,Biskra,3882
3883,Djelfa,3883
3884,Berat,3884
3885,Uruzgan,3885
3886,Ghazni,3886
3887,Parwan,3887
3888,Kabul,3888
3889,Laghman,3889
3890,Logar,3890
3891,Kapisa,3891
3892,Wardak,3892
3893,Bamyan,3893
3894,Parwan,3894
3895,Sari Pul,3895
3896,Ghor,3896
3897,Baghlan,3897
3898,Samangan,3898
3899,Uruzgan,3899
3900,Caerphilly,3900
3901,"Rhondda, Cynon, Taff",3901
3902,Blaenau Gwent,3902
3903,Oyam,3903
3904,Lira,3904
3905,Kole,3905
3906,Pader,3906
3907,Ibanda,3907
3908,Mbarara,3908
3909,Gulu,3909
3910,Kiryandongo,3910
3911,Iganga,3911
3912,Lwengo,3912
3913,Bukomansimbi,3913
3914,Kalungu,3914
3915,Kampala,3915
3916,Kaliro,3916
3917,Agago,3917
3918,Kotido,3918
3919,Abim,3919
3920,Otuke,3920
3921,Alebtong,3921
3922,Amuria,3922
3923,Katakwi,3923
3924,Serere,3924
3925,Soroti,3925
3926,Pallisa,3926
3927,Mbarara,3927
3928,Lyantonde,3928
3929,Masaka,3929
3930,Torfaen,3930
3931,Merthyr Tydfil,3931
3932,North Lanarkshire,3932
3933,East Dunbartonshire,3933
3934,Glasgow,3934
3935,East Renfrewshire,3935
3936,East Ayrshire,3936
3937,South Lanarkshire,3937
3938,Magherafelt,3938
3939,Omagh,3939
3940,Mid Ulster,3940
3941,Craigavon,3941
3942,Banbridge,3942
3943,Antrim,3943
3944,Lisburn,3944
3945,Ballymoney,3945
3946,Ballymena,3946
3947,Castlereagh,3947
3948,Wandsworth,3948
3949,Merton,3949
3950,Westminster,3950
3951,Kensington and Chelsea,3951
3952,Hounslow,3952
3953,Ealing,3953
3954,Hammersmith and Fulham,3954
3955,Stockton-on-Tees,3955
3956,Darlington,3956
3957,Middlesbrough,3957
3958,Richmond upon Thames,3958
3959,City,3959
3960,Tower Hamlets,3960
3961,Gateshead,3961
3962,Newcastle upon Tyne,3962
3963,York,3963
3964,Merseyside,3964
3965,Enfield,3965
3966,Hertfordshire,3966
3967,Barnet,3967
3968,Waltham Forest,3968
3969,Redbridge,3969
3970,Havering,3970
3971,Cambridgeshire,3971
3972,Bexley,3972
3973,Sutton,3973
3974,Milton Keynes,3974
3975,Buckinghamshire,3975
3976,Hillingdon,3976
3977,Brent,3977
3978,Luton,3978
3979,Harrow,3979
3980,Central Bedfordshire,3980
3981,Bedford,3981
3982,Rutland,3982
3983,Nottinghamshire,3983
3984,Northamptonshire,3984
3985,Camden,3985
3986,Islington,3986
3987,Peterborough,3987
3988,Lambeth,3988
3989,Southwark,3989
3990,Doncaster,3990
3991,Croydon,3991
3992,Lewisham,3992
3993,Haringey,3993
3994,Kingston upon Thames,3994
3995,Newham,3995
3996,Greenwich,3996
3997,Hackney,3997
3998,Barking and Dagenham,3998
3999,Leicestershire,3999
4000,Cheshire East,4000
4001,Derbyshire,4001
4002,Rotherham,4002
4003,Sheffield,4003
4004,Stoke-on-Trent,4004
4005,Telford and Wrekin,4005
4006,Staffordshire,4006
4007,Bromley,4007
4008,Worcestershire,4008
4009,Warwickshire,4009
4010,Oxfordshire,4010
4011,Wigan,4011
4012,Stockport,4012
4013,Warrington,4013
4014,West Berkshire,4014
4015,Wokingham,4015
4016,Bracknell Forest,4016
4017,Royal Borough of Windsor and Maidenhead,4017
4018,Slough,4018
4019,Reading,4019
4020,Surrey,4020
4021,Blackburn with Darwen,4021
4022,Swindon,4022
4023,Bath and North East Somerset,4023
4024,Wiltshire,4024
4025,Calderdale,4025
4026,Kirklees,4026
4027,Nottingham,4027
4028,Leicester,4028
4029,Derby,4029
4030,Mukono,4030
4031,Buikwe,4031
4032,Nakapiripirit,4032
4033,Kween,4033
4034,Buhweju,4034
4035,Sheema,4035
4036,Mitooma,4036
4037,Bushenyi,4037
4038,Bulambuli,4038
4039,Sironko,4039
4040,Bugiri,4040
4041,Nwoya,4041
4042,Mbale,4042
4043,Budaka,4043
4044,Butaleja,4044
4045,Kibuku,4045
4046,Napak,4046
4047,Kumi,4047
4048,Ngora,4048
4049,Bukedea,4049
4050,Namutumba,4050
4051,Kütahya,4051
4052,Konya,4052
4053,Karaman,4053
4054,Nigde,4054
4055,Kayseri,4055
4056,Isparta,4056
4057,Manisa,4057
4058,Denizli,4058
4059,Burdur,4059
4060,Aksaray,4060
4061,Nevsehir,4061
4062,Yozgat,4062
4063,Kirsehir,4063
4064,Usak,4064
4065,Erzincan,4065
4066,Tunceli,4066
4067,Afyonkarahisar,4067
4068,Kinkkale,4068
4069,K. Maras,4069
4070,Mus,4070
4071,Erzurum,4071
4072,Malatya,4072
4073,Elazig,4073
4074,Bitlis,4074
4075,Bingöl,4075
4076,Abia,4076
4077,Ebonyi,4077
4078,Anambra,4078
4079,Edo,4079
4080,Bauchi,4080
4081,Plateau,4081
4082,Nassarawa,4082
4083,Gombe,4083
4084,Enugu,4084
4085,Kogi,4085
4086,Osun,4086
4087,Imo,4087
4088,Osmaniye,4088
4089,Adiyaman,4089
4090,Diyarbakir,4090
4091,Batman,4091
4092,Siirt,4092
4093,Bayburt,4093
4094,Gümüshane,4094
4095,Singida,4095
4096,Tabora,4096
4097,Iringa,4097
4098,Mwanza,4098
4099,Simiyu,4099
4100,Geita,4100
4101,Shinyanga,4101
4102,Ratnapura,4102
4103,Mŏṇarāgala,4103
4104,Kægalla,4104
4105,Badulla,4105
4106,Mātale,4106
4107,Pŏḷŏnnaruva,4107
4108,Kuruṇægala,4108
4109,Anurādhapura,4109
4110,Nuvara Ĕliya,4110
4111,Vavuniyāva,4111
4112,Mahanuvara,4112
4113,Bay,4113
4114,Bashkortostan,4114
4115,Sverdlovsk,4115
4116,Khanty-Mansiy,4116
4117,Lipetsk,4117
4118,Tambov,4118
4119,Tomsk,4119
4120,Tatarstan,4120
4121,Ul'yanovsk,4121
4122,Penza,4122
4123,Kemerovo,4123
4124,Orel,4124
4125,Irkutsk,4125
4126,Khakass,4126
4127,Mordovia,4127
4128,Kaluga,4128
4129,Kostroma,4129
4130,Yaroslavl',4130
4131,Vladimir,4131
4132,Ryazan',4132
4133,Ivanovo,4133
4134,Nizhegorod,4134
4135,Tula,4135
4136,Seoul,4136
4137,Daejeon,4137
4138,Sejong,4138
4139,North Chungcheong,4139
4140,Gwangju,4140
4141,Daegu,4141
4142,Chuvash,4142
4143,Vologda,4143
4144,Novgorod,4144
4145,Tver',4145
4146,Moskovsskaya,4146
4147,Moskva,4147
4148,Mariy-El,4148
4149,Kirov,4149
4150,Udmurt,4150
4151,Komi,4151
4152,Perm',4152
4153,Samara,4153
4154,Stavropol',4154
4155,Adygey,4155
4156,Masovian,4156
4157,Łódź,4157
4158,Kuyavian-Pomeranian,4158
4159,Greater Poland,4159
4160,Świętokrzyskie,4160
4161,Muntinlupa,4161
4162,Caloocan,4162
4163,Malabon,4163
4164,Valenzuela,4164
4165,Quezon City,4165
4166,Nueva Ecija,4166
4167,Laguna,4167
4168,Rizal,4168
4169,Taguig,4169
4170,Marikina,4170
4171,Pasig,4171
4172,Quirino,4172
4173,Santiago,4173
4174,Nueva Vizcaya,4174
4175,Benguet,4175
4176,Ifugao,4176
4177,Mountain Province,4177
4178,Tarlac,4178
4179,Apayao,4179
4180,Kalinga,4180
4181,Abra,4181
4182,Ad Dakhliyah,4182
4183,Ekiti,4183
4184,Kaduna,4184
4185,Kano,4185
4186,Federal Capital Territory,4186
4187,P'yŏngyang,4187
4188,Khomas,4188
4189,Oshana,4189
4190,Oshikoto,4190
4191,Darhan-Uul,4191
4192,Töv,4192
4193,Arhangay,4193
4194,Orhon,4194
4195,Dundgovi,4195
4196,Övörhangay,4196
4197,Govĭ-Sümber,4197
4198,México,4198
4199,Puebla,4199
4200,Morelos,4200
4201,Querétaro,4201
4202,Hidalgo,4202
4203,Guanajuato,4203
4204,San Luis Potosí,4204
4205,Zacatecas,4205
4206,Aguascalientes,4206
4207,Durango,4207
4208,Ulaanbaatar,4208
4209,Tlaxcala,4209
4210,Distrito Federal,4210
4211,Tagant,4211
4212,Želino,4212
4213,Brvenica,4213
4214,Brod,4214
4215,Oslomej,4215
4216,Sopište,4216
4217,Karpoš,4217
4218,Šuto Orizari,4218
4219,Butel,4219
4220,Čair,4220
4221,Centar,4221
4222,Zajas,4222
4223,Dolneni,4223
4224,Krivogaštani,4224
4225,Mogila,4225
4226,Čaška,4226
4227,Rosoman,4227
4228,Negotino,4228
4229,Drugovo,4229
4230,Gazi Baba,4230
4231,Kruševo,4231
4232,Demir Hisar,4232
4233,Aerodrom,4233
4234,Studeničani,4234
4235,Kisela Voda,4235
4236,Probištip,4236
4237,Češinovo-Obleševo,4237
4238,Aračinovo,4238
4239,Zelenikovo,4239
4240,Kičevo,4240
4241,Plasnica,4241
4242,Vraneštica,4242
4243,Skopje,4243
4244,Lozovo,4244
4245,Sveti Nikole,4245
4246,Gradsko,4246
4247,Kratovo,4247
4248,Ilinden,4248
4249,Karbinci,4249
4250,Štip,4250
4251,Kočani,4251
4252,Zrnovci,4252
4253,Veles,4253
4254,Demir Kapija,4254
4255,Vinica,4255
4256,Bosilovo,4256
4257,Radoviš,4257
4258,Vasilevo,4258
4259,Konče,4259
4260,Al Jifarah,4260
4261,Mizdah,4261
4262,Al Jufrah,4262
4263,Sabha,4263
4264,Wadi al Hayaa,4264
4265,Aqmola,4265
4266,Qaraghandy,4266
4267,Baghdad,4267
4268,Babil,4268
4269,Al-Qādisiyyah,4269
4270,Dhi-Qar,4270
4271,Karbala',4271
4272,Markazi,4272
4273,Esfahan,4273
4274,Chahar Mahall and Bakhtiari,4274
4275,Kohgiluyeh and Buyer Ahmad,4275
4276,Fars,4276
4277,Kerman,4277
4278,Hamadan,4278
4279,Lorestan,4279
4280,Yazd,4280
4281,Qom,4281
4282,Tehran,4282
4283,Alborz,4283
4284,Chhattisgarh,4284
4285,Haryana,4285
4286,Jász-Nagykun-Szolnok,4286
4287,Fejér,4287
4288,Veszprém,4288
4289,Tolna,4289
4290,Szolnok,4290
4291,Budapest,4291
4292,Érd,4292
4293,Heves,4293
4294,Eger,4294
4295,Miskolc,4295
4296,Hódmezôvásárhely,4296
4297,Dunaújváros,4297
4298,Kecskemét,4298
4299,Tatabánya,4299
4300,Tbilisi,4300
4301,Imereti,4301
4302,Northern Savonia,4302
4303,Southern Savonia,4303
4304,Central Finland,4304
4305,Southern Ostrobothnia,4305
4306,Pirkanmaa,4306
4307,Tavastia Proper,4307
4308,Päijät-Häme,4308
4309,Dire Dawa,4309
4310,Addis Ababa,4310
4311,Harari People,4311
4312,Gitega,4312
4313,Muramvya,4313
4314,Mwaro,4314
4315,Karuzi,4315
4316,Balé,4316
4317,Sanguié,4317
4318,Tuy,4318
4319,Bougouriba,4319
4320,Mou Houn,4320
4321,Kouritenga,4321
4322,Ganzourgou,4322
4323,Zoundwéogo,4323
4324,Ziro,4324
4325,Boulkiemdé,4325
4326,Kadiogo,4326
4327,Oubritenga,4327
4328,Gourma,4328
4329,Gnagna,4329
4330,Bazéga,4330
4331,Kourwéogo,4331
4332,Nayala,4332
4333,Passoré,4333
4334,Zondoma,4334
4335,Namentenga,4335
4336,Sanmatenga,4336
4337,Bam,4337
4338,Magway,4338
4339,Mandalay,4339
4340,Plovdiv,4340
4341,Stara Zagora,4341
4342,Sliven,4342
4343,Shumen,4343
4344,Razgrad,4344
4345,Targovishte,4345
4346,Gabrovo,4346
4347,Pazardzhik,4347
4348,Lovech,4348
4349,Grad Sofiya,4349
4350,Kigali City,4350
4351,Amanat Al Asimah,4351
4352,Wisconsin,4352
4353,Illinois,4353
4354,Kentucky,4354
4355,Arkansas,4355
4356,Tennessee,4356
4357,West Virginia,4357
4358,Indiana,4358
4359,Vysočina,4359
4360,Středočeský,4360
4361,Prague,4361
4362,City of Minsk,4362
4363,Kiev City,4363
4364,Tashkent,4364
4365,Almaty City,4365
4366,Astana,4366
4367,Stepanakert,4367
4368,Damascus,4368
4369,Bucharest,4369
4370,Jelgava,4370
4371,Daugavpils,4371
4372,Rezekne,4372
4373,Niamey,4373
4374,Bamako,4374
4375,Andorra la Vella,4375
4376,Gyôr,4376
4377,Szombathely,4377
4378,Zalaegerszeg,4378
4379,Nagykanizsa,4379
4380,Veszprém,4380
4381,Kaposvár,4381
4382,Pécs,4382
4383,Szekszárd,4383
4384,Székesfehérvár,4384
4385,Békéscsaba,4385
4386,Debrecen,4386
4387,Nyíregyháza,4387
4388,Buada,4388
4389,São Salvador do Mundo,4389
4390,São Lourenço dos Órgãos,4390
4391,George Hill,4391
4392,The Quarter,4392
4393,Yevlakh,4393
4394,City of Saint George,4394
4395,Wong Tai Sin,4395
4396,Moka,4396
4397,Plaines Wilhems,4397
4398,Beau Bassin-Rose Hill,4398
4399,Port Louis,4399
4400,Quatre Bornes,4400
4401,Vacoas-Phoenix,4401
4402,Curepipe,4402
4403,Mont Buxton,4403
4404,Saint Louis,4404
4405,Les Mamelles,4405
4406,Enna,4406
4407,Benevento,4407
4408,Asti,4408
4409,Bergamo,4409
4410,Brescia,4410
4411,Cremona,4411
4412,Mantova,4412
4413,Milano,4413
4414,Lecco,4414
4415,Monza e Brianza,4415
4416,Lodi,4416
4417,Siena,4417
4418,Arezzo,4418
4419,Firenze,4419
4420,Vercelli,4420
4421,Pavia,4421
4422,Rieti,4422
4423,Novara,4423
4424,Alessandria,4424
4425,Trento,4425
4426,Vicenza,4426
4427,Verona,4427
4428,Treviso,4428
4429,Piacenza,4429
4430,Parma,4430
4431,Reggio Emilia,4431
4432,Modena,4432
4433,Bologna,4433
4434,Pistoia,4434
4435,Terni,4435
4436,Perugia,4436
4437,Frosinone,4437
4438,Avellino,4438
4439,L'Aquila,4439
4440,Pordenone,4440
4441,Isernia,4441
4442,Biella,4442
4443,Prato,4443
4444,Gers,4444
4445,Haute-Vienne,4445
4446,Corrèze,4446
4447,Tarn-et-Garonne,4447
4448,Tarn,4448
4449,Isère,4449
4450,Drôme,4450
4451,Aveyron,4451
4452,Lot,4452
4453,Indre-et-Loire,4453
4454,Indre,4454
4455,Loir-et-Cher,4455
4456,Creuse,4456
4457,Mayenne,4457
4458,Sarthe,4458
4459,Vaucluse,4459
4460,Haute-Marne,4460
4461,Marne,4461
4462,Dordogne,4462
4463,Rhône,4463
4464,Vosges,4464
4465,Ardèche,4465
4466,Loire,4466
4467,Puy-de-Dôme,4467
4468,Allier,4468
4469,Loiret,4469
4470,Maine-et-Loire,4470
4471,Aube,4471
4472,Paris,4472
4473,Hauts-de-Seine,4473
4474,Seine-Saint-Denis,4474
4475,Val-d'Oise,4475
4476,Yvelines,4476
4477,Charente,4477
4478,Cher,4478
4479,Eure-et-Loir,4479
4480,Haute-Loire,4480
4481,Cantal,4481
4482,Lot-et-Garonne,4482
4483,Lozère,4483
4484,Nièvre,4484
4485,Côte-d'Or,4485
4486,Oise,4486
4487,Orne,4487
4488,Haute-Saône,4488
4489,Saône-et-Loire,4489
4490,Deux-Sèvres,4490
4491,Vienne,4491
4492,Yonne,4492
4493,Essonne,4493
4494,Seien-et-Marne,4494
4495,Val-de-Marne,4495
4496,Dushanbe,4496
4497,Luxor,4497
4498,Francistown,4498
4499,Lobatse,4499
4500,Selebi-Phikwe,4500
4501,Sowa,4501
4502,Naga,4502
4503,Angeles,4503
4504,Baguio,4504
4505,Makati,4505
4506,Pateros,4506
4507,Mandaluyong City,4507
4508,San Juan,4508
4509,Naftalan,4509
4510,Şəki,4510
4511,Leeds,4511
4512,Bradford,4512
4513,Wakefield,4513
4514,Barnsley,4514
4515,Salford,4515
4516,Bolton,4516
4517,Trafford,4517
4518,Manchester,4518
4519,Oldham,4519
4520,Rochdale,4520
4521,Tameside,4521
4522,Bury,4522
4523,Solihull,4523
4524,Coventry,4524
4525,Birmingham,4525
4526,Sandwell,4526
4527,Dudley,4527
4528,Walsall,4528
4529,Wolverhampton,4529
4530,Durbes,4530
4531,Incukalna,4531
4532,Ādaži,4532
4533,Valmiera,4533
4534,Cesu,4534
4535,Ligatnes,4535
4536,Jekabpils,4536
4537,Palencia,4537
4538,Ciudad Real,4538
4539,Córdoba,4539
4540,Guadalajara,4540
4541,Jaén,4541
4542,Madrid,4542
4543,Segovia,4543
4544,Valladolid,4544
4545,Ihorombe,4545
4546,Haute Matsiatra,4546
4547,Itasy,4547
4548,Suva Reka,4548
4549,Uroševac,4549
4550,Novo Brdo,4550
4551,Obilić,4551
4552,Kosovo Polje,4552
4553,Lipljan,4553
4554,Štimlje,4554
4555,Vučitrn,4555
4556,Victoria,4556
4557,"Fontana, Gozo",4557
4558,Xewkija,4558
4559,Mosta,4559
4560,Lija,4560
4561,Attard,4561
4562,Mtarfa,4562
4563,Mdina,4563
4564,Żebbuġ,4564
4565,Qormi,4565
4566,Swieqi,4566
4567,Għargħur,4567
4568,San Ġwann,4568
4569,Iklin,4569
4570,Birkirkara,4570
4571,Balzan,4571
4572,Santa Venera,4572
4573,Ħamrun,4573
4574,Marsa,4574
4575,Luqa,4575
4576,Mqabba,4576
4577,Kirkop,4577
4578,Safi,4578
4579,Għaxaq,4579
4580,Żejtun,4580
4581,Fgura,4581
4582,Tarxien,4582
4583,Santa Luċija,4583
4584,Gudja,4584
4585,Paola,4585
4586,Gżira,4586
4587,Floriana,4587
4588,Ta' Xbiex,4588
4589,Isla,4589
4590,Cospicua,4590
4591,Pietà,4591
4592,Msida,4592
4593,Birgu,4593
